"Source","Source_type","Source_code","Original_genus","Original_species","Modern_name","Common_name","Year","Locality","Found_Latitude","Found_Longitude","y","x","Uncertainty_location","Country","Folder_number","Registration_number","Photo_number","Animal_length","Animal_width","Sex","Specimen_acquisition","Death_cause","Flipper_length","Skull_length","Skull_max_width","Width_base_rostrum","Snout_to_anterior_nares","Snout_length","Snout_to_blowhole","Mandible_length","Mandible_width","Distance_backfin_to_tail","Tail_measurements","Dorsal_fin_length","Weight","Notes","X","X.1","X.2","X.3","X.4","X.5","X.6","X.7","X.8","X.9","X.10","X.11","X.12","X.13","X.14","X.15"
"Visit","Correspondence","NMI","Pseudorca","crassidens","Pseudorca crassidens","False killer whale",1979,"Achill Island",NA,NA,"53.969631",-10.062299,"certain","Ireland","79","1973-1981","110712",NA,NA,NA,"Stranded",NA,NA,NA,NA,NA,NA,NA,NA,NA,NA,NA,NA,NA,NA,NA,NA,NA,NA,NA,NA,NA,NA,NA,NA,NA,NA,NA,NA,NA,NA,NA
"NMI visit","photograph","NMI","Ziphius ","cavirostris","Ziphius cavirostris","Cuvier's beaked whale",1964,"Achill Island, Mayo county","53°58'12.7""N","10°03'44.1""W","53.970194",-10.06225,"certain","Ireland","15","NMINH:PP.167-170",NA,NA,NA,NA,"Stranded",NA,NA,NA,NA,NA,NA,NA,NA,NA,NA,NA,NA,NA,NA,"Stranded",NA,NA,NA,NA,NA,NA,NA,NA,NA,NA,NA,NA,NA,NA,NA,NA
"Visit","Correspondence","NMI",NA,NA,NA,"Sperm whale",1936,"Ardtrasna",NA,NA,"54.369413",-8.623022,"certain","Ireland","79","1938-1944","154335",NA,NA,NA,"Stranded",NA,NA,NA,NA,NA,NA,NA,NA,NA,NA,NA,NA,NA,NA,"Length reported as 51, 80 and 90 feet",NA,NA,NA,NA,NA,NA,NA,NA,NA,NA,NA,NA,NA,NA,NA,NA
"Visit","Correspondence","NMI",NA,NA,NA,"Pilot whale",1979,"Arklow",NA,NA,"52.793035",-6.138641,"certain","Ireland","79","1973-1981","123944, 123954","5.62 m",NA,"M","Stranded",NA,NA,NA,NA,NA,NA,"0.05 m","0.46 m",NA,NA,"3.37 m",NA,NA,NA,"Upper jaw nine teeth, lower jaw 5 teeth, side fin and tip of lower jawbone missing",NA,NA,NA,NA,NA,NA,NA,NA,NA,NA,NA,NA,NA,NA,NA,NA
"Visit","Correspondence","NMI",NA,NA,"Grampus griseus","Risso's dolphin",1980,"Back Strand, Tramore, county Waterford","52°09'19.4""N","7°07'23.0""W","52.155389",-7.123056,"certain","Ireland","Folder","Whales & Turtles","20240509_162258",NA,NA,NA,"Stranded",NA,NA,NA,NA,NA,NA,NA,NA,NA,NA,NA,NA,NA,NA,NA,NA,NA,NA,NA,NA,NA,NA,NA,NA,NA,NA,NA,NA,NA,NA,NA
"NMI visit","photograph","NMI","Mesoplodon","mirus","Mesoplodon mirus","True's beaked whale",1972,"Ballinskelligs, Kerry county","51°49'26.0""N","10°16'17.6""W","51.823889",-10.271556,"certain","Ireland","16","NMINH:PP.225",NA,NA,NA,NA,"Stranded",NA,NA,NA,NA,NA,NA,NA,NA,NA,NA,NA,NA,NA,NA,"stranded",NA,NA,NA,NA,NA,NA,NA,NA,NA,NA,NA,NA,NA,NA,NA,NA
"Visit","Correspondence","NMI",NA,NA,"Mesoplodon mirus","True's beaked whale",1973,"Ballinskelligs, county Kerry","51°49'26.2""N","10°16'18.1""W","51.823944",-10.271694,"certain","Ireland","Folder","Whales & Turtles","20240509_160900",NA,NA,NA,"Stranded",NA,NA,"76.9 cm","38.4 cm",NA,NA,NA,NA,"69.4 cm","11.9 cm",NA,NA,NA,NA,NA,NA,NA,NA,NA,NA,NA,NA,NA,NA,NA,NA,NA,NA,NA,NA,NA
"Visit","Correspondence","NMI",NA,NA,"Globicephala melas","Pilot whale",1986,"Ballybranagan Strand, county Cork","51°48'11.5""N","8°08'03.7""W","51.803194",-8.134361,"certain","Ireland","Folder","Whales & Turtles","20240510_125613",NA,NA,NA,"Stranded",NA,NA,NA,NA,NA,NA,NA,NA,NA,NA,NA,NA,NA,NA,"Only lower jaw bone found",NA,NA,NA,NA,NA,NA,NA,NA,NA,NA,NA,NA,NA,NA,NA,NA
"Visit","Correspondence","NMI",NA,NA,NA,"False killer whale",1979,"Ballycotton",NA,NA,"51.830385",-8.009636,"certain","Ireland","79","1973-1981","104454, 104501, 104506",NA,NA,NA,"Stranded",NA,NA,NA,NA,NA,NA,NA,NA,NA,NA,NA,NA,NA,NA,"Unrecorded whale stranding; identity of the whale is uncertain, real location is Ballybrannigan Strand",NA,NA,NA,NA,NA,NA,NA,NA,NA,NA,NA,NA,NA,NA,NA,NA
"Visit","Correspondence","NMI",NA,NA,"Delphinus delphis","Common dolphin",1984,"Ballycotton, county Cork","51°49'49.3""N","8°00'34.3""W","51.830361",-8.009528,"certain","Ireland","Folder","Whales & Turtles","20240509_133647",NA,NA,NA,"Found in lagoon",NA,NA,NA,NA,NA,NA,NA,NA,NA,NA,NA,NA,NA,NA,"Skull",NA,NA,NA,NA,NA,NA,NA,NA,NA,NA,NA,NA,NA,NA,NA,NA
"Visit","Correspondence","NMI","Stenella ",NA,"Stenella coeruleoalba","Striped dolphin",1985,"Ballycotton, county Cork","51°49'49.3""N","8°00'34.3""W","51.830361",-8.009528,"certain","Ireland","Folder","Whales & Turtles","20240510_125438","183 cm",NA,"M","Stranded",NA,NA,NA,NA,NA,NA,NA,NA,NA,NA,NA,NA,NA,NA,"Length is measured without flukes",NA,NA,NA,NA,NA,NA,NA,NA,NA,NA,NA,NA,NA,NA,NA,NA
"Visit","Correspondence","NMI","Lagenorhynchus","albirostris","Lagenorhynchus albirostris","White-beaked dolphin",1979,"Ballycotton, county Cork","51°49'49.3""N","8°00'34.3""W","51.830361",-8.009528,"certain","Ireland","Folder","Whales & Turtles",NA,NA,NA,NA,"Stranded",NA,NA,NA,NA,NA,NA,NA,NA,NA,NA,NA,NA,NA,NA,"Discussion on identification between L. albirostra or L. acutus. Ultimately L. albirostra.",NA,NA,NA,NA,NA,NA,NA,NA,NA,NA,NA,NA,NA,NA,NA,NA
"Visit","Correspondence","NMI",NA,NA,"Lagenorhynchus acutus","White-sided dolphin",1983,"Ballycotton, county Cork","51°49'49.3""N","8°00'34.3""W","51.830361",-8.009528,"certain","Ireland","Folder","Whales & Turtles","20240509_133647",NA,NA,NA,"Stranded",NA,NA,NA,NA,NA,NA,NA,NA,NA,NA,NA,NA,NA,NA,NA,NA,NA,NA,NA,NA,NA,NA,NA,NA,NA,NA,NA,NA,NA,NA,NA
"Visit","Correspondence","NMI",NA,NA,NA,"Toothed whale",1933,"Ballycrovane Harbour",NA,NA,"51.713955",-9.949333,"certain","Ireland","79","1933-1937",NA,"28'0''",NA,NA,"Stranded","Internal",NA,NA,NA,NA,NA,NA,NA,NA,NA,NA,NA,NA,NA,"Length between 28 and 32 feet",NA,NA,NA,NA,NA,NA,NA,NA,NA,NA,NA,NA,NA,NA,NA,NA
"Visit","Correspondence","NMI",NA,NA,"Physeter macrocephalus","Sperm whale",1946,"Ballyhealy, county Wexford","52°11'12.4""N","6°31'22.5""W","52.186778",-6.522917,"certain","Ireland","Folder","Whales & Turtles","20240509_123137, 20240509_123143, 20240509_123148","28 ft",NA,NA,"Stranded",NA,NA,NA,NA,NA,NA,NA,NA,NA,NA,NA,NA,NA,"4.5 tons","Based on a newspaper (Forth & Banrgy Notes, Saturday 11th)  from 1947",NA,NA,NA,NA,NA,NA,NA,NA,NA,NA,NA,NA,NA,NA,NA,NA
"Visit","Correspondence","NMI",NA,NA,"Grampus griseus","Risso's dolphin",1941,"Ballyteige Burrow, county Wexford","52°11'57.9""N","6°38'17.4""W","52.199417",-6.638167,"certain","Ireland","Folder","Whales & Turtles","20240509_132236",NA,NA,NA,"Stranded",NA,NA,NA,NA,NA,NA,NA,NA,NA,NA,NA,NA,NA,NA,NA,NA,NA,NA,NA,NA,NA,NA,NA,NA,NA,NA,NA,NA,NA,NA,NA
"Visit","Correspondence","NMI",NA,NA,NA,"Risso's dolphin",1941,"Ballyteigue Strand",NA,NA,"52.193251",-6.623848,"certain","Ireland","79","1938-1944",NA,NA,NA,NA,"Stranded",NA,NA,NA,NA,NA,NA,NA,NA,NA,NA,NA,NA,NA,NA,"Skeleton and teeth only, no measurements",NA,NA,NA,NA,NA,NA,NA,NA,NA,NA,NA,NA,NA,NA,NA,NA
"Visit","Correspondence","NMI",NA,NA,"Orcinus orca","Killer whale",1984,"Bantry Bay, county Cork","51°39'01.1""N","9°39'23.1""W","51.650306",-9.656417,"certain","Ireland","Folder","Whales & Turtles","20240509_161351","~3 m",NA,NA,"Stranded",NA,NA,NA,NA,NA,NA,NA,NA,NA,NA,NA,NA,NA,NA,"Young whale, severely decomposed",NA,NA,NA,NA,NA,NA,NA,NA,NA,NA,NA,NA,NA,NA,NA,NA
"Visit","Correspondence","NMI",NA,NA,"Physeter macrocephalus","Sperm whale",1980,"Bantry, West Cork, county Cork","51°40'53.1""N","9°27'35.9""W","51.681417",-9.459972,"certain","Ireland","Folder","Whales & Turtles","20240509_114808, 20240509_115143","98 ft",NA,NA,"Stranded",NA,NA,NA,NA,NA,NA,NA,NA,NA,NA,NA,NA,NA,NA,"Not known what species. Based on later finding of 7 vertebrae in Ballylickey, identified as sperm whale.",NA,NA,NA,NA,NA,NA,NA,NA,NA,NA,NA,NA,NA,NA,NA,NA
"NMI visit","photograph","NMI","Globicephala","melas ","Globicephala melas","Pilot whale",1907,"Belfast","54°37'53.4""N","5°52'58.1""W","54.631500",-5.882806,"certain","Northern Ireland","15","NMINH:PP.187",NA,"10 ft",NA,NA,NA,NA,NA,NA,NA,NA,NA,NA,NA,NA,NA,NA,NA,NA,NA,"Detached head",NA,NA,NA,NA,NA,NA,NA,NA,NA,NA,NA,NA,NA,NA,NA,NA
"Visit","Correspondence","NMI",NA,NA,"Stenella coeruleoalba","Striped dolphin",1984,"Belmullet, county Mayo","54°13'23.6""N","9°59'18.8""W","54.223222",-9.988556,"certain","Ireland","Folder","Whales & Turtles",NA,NA,NA,NA,NA,NA,NA,NA,NA,NA,NA,NA,NA,NA,NA,NA,NA,NA,NA,NA,NA,NA,NA,NA,NA,NA,NA,NA,NA,NA,NA,NA,NA,NA,NA,NA
"Visit","Correspondence","NMI",NA,NA,"Stenella coeruleoalba","Striped dolphin",1985,"Belmullet, county Mayo","54°13'23.6""N","9°59'18.8""W","54.223222",-9.988556,"certain","Ireland","Folder","Whales & Turtles","20240510_124937",NA,NA,NA,"Stranded",NA,NA,NA,NA,NA,NA,NA,NA,NA,NA,NA,NA,NA,NA,NA,NA,NA,NA,NA,NA,NA,NA,NA,NA,NA,NA,NA,NA,NA,NA,NA
"Visit","Correspondence","NMI",NA,NA,"Tursiops ssp","Bottlenose dolphin",1933,"Blacksod Bay",NA,NA,"54.082292",-10.01653,"certain","Ireland","79","1933-1937","134913, 141235",NA,NA,NA,"Stranded",NA,NA,NA,NA,NA,NA,NA,NA,NA,NA,NA,NA,NA,NA,NA,NA,NA,NA,NA,NA,NA,NA,NA,NA,NA,NA,NA,NA,NA,NA,NA
"Visit","Correspondence","NMI",NA,NA,"Tursiops ssp","Bottlenose dolphin",1978,"Blacksod Bay",NA,NA,"54.082292",-10.01653,"certain","Ireland","79","1973-1981","134403","9-12'0''",NA,NA,"Recorded",NA,NA,NA,NA,NA,NA,NA,NA,NA,NA,NA,NA,NA,NA,"School of 10-12 dolphins, length between 9 and 12 feet",NA,NA,NA,NA,NA,NA,NA,NA,NA,NA,NA,NA,NA,NA,NA,NA
"Visit","Correspondence","NMI","Globicephala","melaena","Globicephala melas","Pilot whale",1933,"Blacksod Bay",NA,NA,"54.082292",-10.01653,"certain","Ireland","79","1933-1937","130243, 130652, 134913","8'6''",NA,NA,"Stranded",NA,"1'5''","0'19.5''",NA,"0'6''","0'12.375''",NA,NA,"0'15.25''",NA,NA,NA,NA,NA,"Measurements might be inaccurate",NA,NA,NA,NA,NA,NA,NA,NA,NA,NA,NA,NA,NA,NA,NA,NA
"Visit","Correspondence","NMI","Grampus","griseus","Grampus griseus","Risso's dolphin",1933,"Blacksod Bay",NA,NA,"54.082292",-10.01653,"certain","Ireland","79","1933-1937",NA,NA,NA,NA,NA,NA,NA,NA,NA,NA,NA,NA,NA,NA,NA,NA,NA,NA,NA,NA,NA,NA,NA,NA,NA,NA,NA,NA,NA,NA,NA,NA,NA,NA,NA,NA
"Visit","Correspondence","NMI","Grampus","griseus","Grampus griseus","Risso's dolphin",1933,"Blacksod Bay",NA,NA,"54.082292",-10.01653,"certain","Ireland","79","1933-1937",NA,NA,NA,NA,NA,NA,NA,NA,NA,NA,NA,NA,NA,NA,NA,NA,NA,NA,NA,NA,NA,NA,NA,NA,NA,NA,NA,NA,NA,NA,NA,NA,NA,NA,NA,NA
"Visit","Correspondence","NMI",NA,NA,NA,"Sperm whale",1910,"Blacksod Bay",NA,NA,"54.082292",-10.01653,"certain","Ireland","37","1906-1910 H","114532",NA,NA,NA,"Whaled","Killed",NA,NA,NA,NA,NA,NA,NA,NA,NA,NA,NA,NA,NA,NA,NA,NA,NA,NA,NA,NA,NA,NA,NA,NA,NA,NA,NA,NA,NA,NA
"Visit","Correspondence","NMI",NA,NA,"Lagenorhynchus acutus","White-sided dolphin",1933,"Blacksod Bay",NA,NA,"54.082292",-10.01653,"certain","Ireland","79","1933-1937","130652, 134913, 141235, 141241","8'2''",NA,NA,"Stranded",NA,NA,NA,NA,NA,NA,NA,NA,NA,NA,NA,NA,NA,NA,"The number of teeth was 30-34 pairs in each jaw",NA,NA,NA,NA,NA,NA,NA,NA,NA,NA,NA,NA,NA,NA,NA,NA
"Visit","Correspondence","NMI",NA,NA,"Tursiops truncatus","Bottlenose dolphin",1977,"Blackwater, county Wexford","52°26'25.0""N","6°19'03.0""W","52.440278",-6.3175,"certain","Ireland","Folder","Whales & Turtles",NA,NA,NA,NA,"caught in nets","drowned in net",NA,NA,NA,NA,NA,NA,NA,NA,NA,NA,NA,NA,NA,"Identification not confirmed by correspondance sender",NA,NA,NA,NA,NA,NA,NA,NA,NA,NA,NA,NA,NA,NA,NA,NA
"Visit","Correspondence","NMI",NA,NA,"Tursiops truncatus","Bottlenose dolphin",1977,"Blackwater, county Wexford","52°26'25.0""N","6°19'03.0""W","52.440278",-6.3175,"certain","Ireland","Folder","Whales & Turtles",NA,NA,NA,NA,"caught in nets","drowned in net",NA,NA,NA,NA,NA,NA,NA,NA,NA,NA,NA,NA,NA,"Identification not confirmed by correspondance sender",NA,NA,NA,NA,NA,NA,NA,NA,NA,NA,NA,NA,NA,NA,NA,NA
"Visit","Correspondence","NMI",NA,NA,"Tursiops truncatus","Bottlenose dolphin",1977,"Blackwater, county Wexford","52°26'25.0""N","6°19'03.0""W","52.440278",-6.3175,"certain","Ireland","Folder","Whales & Turtles",NA,NA,NA,NA,"caught in nets","drowned in net",NA,NA,NA,NA,NA,NA,NA,NA,NA,NA,NA,NA,NA,"Identification not confirmed by correspondance sender",NA,NA,NA,NA,NA,NA,NA,NA,NA,NA,NA,NA,NA,NA,NA,NA
"Visit","Correspondence","NMI",NA,NA,NA,"Toothed whale",1935,"Boatstrand, Waterford",NA,NA,"52.135871",-7.30832,"certain","Ireland","79","1933-1937","160148","28'0''",NA,NA,"Stranded",NA,NA,NA,NA,NA,NA,NA,NA,NA,NA,NA,NA,NA,NA,"Suspected Lesser Rorqual",NA,NA,NA,NA,NA,NA,NA,NA,NA,NA,NA,NA,NA,NA,NA,NA
"Visit","Correspondence","NMI","Grampus","griseus","Grampus griseus","Risso's dolphin",1978,"Broad Haven",NA,NA,"51.783002",-5.104549,"certain","Ireland","79","1973-1981","135643","3-3.5 m",NA,NA,"Recorded",NA,NA,NA,NA,NA,NA,NA,NA,NA,NA,NA,NA,NA,NA,"School of 12-15 dolphins, length between 3 and 3.5 meters. After research, seems to be in Wales.",NA,NA,NA,NA,NA,NA,NA,NA,NA,NA,NA,NA,NA,NA,NA,NA
"Visit","Newspaper","NMI","Tursiops","truncatus","Tursiops truncatus","Bottlenose dolphin",1978,"Bulman Buoy, Kinsale Harbour",NA,NA,"51.702920",-8.516627,"certain","Ireland","Folder","Whales & Turtles","20240510_121540, 20250510_121550","9 ft",NA,NA,"Sighting",NA,NA,NA,NA,NA,NA,NA,NA,NA,NA,NA,NA,NA,NA,NA,NA,NA,NA,NA,NA,NA,NA,NA,NA,NA,NA,NA,NA,NA,NA,NA
"NMI visit","photograph","NMI","Physeter","macrocephalus","Physeter macrocephalus","Sperm whale",1972,"Buncrana, Donegal county","55°07'48.9""N","7°27'48.5""W","55.130250",-7.463472,"certain","Ireland","15","NMINH:PP.190.1-193","20240508_122000","40-50 ft",NA,NA,"Stranded",NA,NA,NA,NA,NA,NA,NA,NA,NA,NA,NA,NA,NA,NA,"Stranded, reported to be 40-50 foot long",NA,NA,NA,NA,NA,NA,NA,NA,NA,NA,NA,NA,NA,NA,NA,NA
"Visit","Correspondence","NMI",NA,NA,"Physeter macrocephalus","Sperm whale",1972,"Buncrana, county Donegal","55°08'09.7""N","7°27'45.4""W","55.136028",-7.462611,"certain","Ireland","Folder","Whales & Turtles","20240510_125838",NA,NA,NA,"Stranded",NA,NA,NA,NA,NA,NA,NA,NA,NA,NA,NA,NA,NA,NA,NA,NA,NA,NA,NA,NA,NA,NA,NA,NA,NA,NA,NA,NA,NA,NA,NA
"Visit","Correspondence","NMI",NA,NA,"Globicephala melas","Pilot whale",1985,"Cahore Point, county Wexford","52°33'59.5""N","6°11'45.0""W","52.566528",-6.195833,"certain","Ireland","Folder","Whales & Turtles","20240510_125909",NA,NA,NA,"Stranded",NA,NA,NA,NA,NA,NA,NA,NA,NA,NA,NA,NA,NA,NA,NA,NA,NA,NA,NA,NA,NA,NA,NA,NA,NA,NA,NA,NA,NA,NA,NA
"Visit","Correspondence","NMI",NA,NA,"Delphinus delphis","Common dolphin",1981,"Camp, Tralee Bay, county Kerry","52°13'45.3""N","9°54'13.1""W","52.229250",-9.903639,"certain","Ireland","Folder","Whales & Turtles","20240509_145146, 20240509_145900","6'9''",NA,NA,"Stranded",NA,NA,NA,NA,NA,NA,NA,NA,NA,NA,NA,NA,NA,NA,NA,NA,NA,NA,NA,NA,NA,NA,NA,NA,NA,NA,NA,NA,NA,NA,NA
"Visit","Correspondence","NMI",NA,NA,NA,"Bottlenose dolphin",1987,"Cape Clear Island",NA,NA,"51.438857",-9.498431,"certain","Ireland","Folder","Cetacea","104551, 104546","3 m",NA,NA,"Recorded",NA,NA,NA,NA,NA,NA,NA,NA,NA,NA,NA,NA,NA,NA,"School of around eight dolphin",NA,NA,NA,NA,NA,NA,NA,NA,NA,NA,NA,NA,NA,NA,NA,NA
"Visit","Correspondence","NMI",NA,NA,NA,"Bottlenose whale",1986,"Cape Clear Island",NA,NA,"51.438857",-9.498431,"certain","Ireland","Folder","Cetacea","104551, 104546","8 m",NA,NA,"Recorded",NA,NA,NA,NA,NA,NA,NA,NA,NA,NA,NA,NA,NA,NA,NA,NA,NA,NA,NA,NA,NA,NA,NA,NA,NA,NA,NA,NA,NA,NA,NA
"Visit","Correspondence","NMI",NA,NA,NA,"Bottlenose whale",1987,"Cape Clear Island",NA,NA,"51.438857",-9.498431,"certain","Ireland","Folder ","Cetacea","104551, 104546","8 m",NA,NA,"Recorded",NA,NA,NA,NA,NA,NA,NA,NA,NA,NA,NA,NA,NA,NA,NA,NA,NA,NA,NA,NA,NA,NA,NA,NA,NA,NA,NA,NA,NA,NA,NA
"Visit","Correspondence","NMI",NA,NA,NA,"Risso's dolphin",1987,"Cape Clear Island",NA,NA,"51.438857",-9.498431,"certain","Ireland","Folder","Cetacea","104551, 104546","2 m",NA,NA,"Recorded",NA,NA,NA,NA,NA,NA,NA,NA,NA,NA,NA,NA,NA,NA,NA,NA,NA,NA,NA,NA,NA,NA,NA,NA,NA,NA,NA,NA,NA,NA,NA
"Visit","Correspondence","NMI",NA,NA,NA,"Unidentified porpoise",1987,"Cape Clear Island",NA,NA,"51.438857",-9.498431,"certain","Ireland","Folder","Cetacea","104551, 104546",NA,NA,NA,"Recorded",NA,NA,NA,NA,NA,NA,NA,NA,NA,NA,NA,NA,NA,NA,"Recorded up to 30 porpoises in a day",NA,NA,NA,NA,NA,NA,NA,NA,NA,NA,NA,NA,NA,NA,NA,NA
"Visit","Correspondence","NMI",NA,NA,NA,"White-sided dolphin",1987,"Cape Clear Island",NA,NA,"51.438857",-9.498431,"certain","Ireland","Folder","Cetacea","104551, 104546","2 m",NA,NA,"Recorded",NA,NA,NA,NA,NA,NA,NA,NA,NA,NA,NA,NA,NA,NA,"Two times recorded, one time two and later three dolphins, possibly the same group",NA,NA,NA,NA,NA,NA,NA,NA,NA,NA,NA,NA,NA,NA,NA,NA
"NMI visit","photograph","NMI","Delphinus","delphis","Delphinus delphis","Common dolphin",1933,"Cartron Bay, Blacksod",NA,NA,"54.119184",-10.076867,"uncertain","Ireland","13","NMINH:PP.125","20240507_160854",NA,NA,NA,NA,NA,NA,"46.0 cm",NA,NA,NA,NA,NA,NA,NA,NA,NA,NA,NA,"skull picture",NA,NA,NA,NA,NA,NA,NA,NA,NA,NA,NA,NA,NA,NA,NA,NA
"NMI visit","photograph","NMI","Globicephala","melas ","Globicephala melas","Pilot whale",1933,"Cartron Bay, Blacksod",NA,NA,"54.119184",-10.076867,"uncertain","Ireland","13","NMINH:PP.128-131","20240507_160903",NA,NA,NA,NA,NA,NA,NA,NA,NA,NA,NA,NA,NA,NA,NA,NA,NA,NA,"Skull pictures",NA,NA,NA,NA,NA,NA,NA,NA,NA,NA,NA,NA,NA,NA,NA,NA
"NMI visit","photograph","NMI","Stenella","coeruleoalba","Stenella coeruleoalba","Striped dolphin",1933,"Cartron Bay, Blacksod",NA,NA,"54.119184",-10.076867,"uncertain","Ireland","13","NMINH:PP.123","20240507_160840",NA,NA,"F",NA,NA,NA,"29.8 cm",NA,NA,NA,NA,NA,NA,NA,NA,NA,NA,NA,"skull pictures",NA,NA,NA,NA,NA,NA,NA,NA,NA,NA,NA,NA,NA,NA,NA,NA
"NMI visit","photograph","NMI","Kogia","breviceps","Kogia breviceps","Pigmy sperm whale",1966,"Clare county",NA,NA,"52.838281",-9.437711,"uncertain","Ireland","15","NMINH:PP.200-204","20240508_101810",NA,NA,NA,"Stranded",NA,NA,NA,NA,NA,NA,NA,NA,NA,NA,NA,NA,NA,NA,"Stranded",NA,NA,NA,NA,NA,NA,NA,NA,NA,NA,NA,NA,NA,NA,NA,NA
"Visit","Correspondence","NMI","Delphinus","delphis (L.)","Delphinus delphis","Common dolphin",1981,"Co. Kerry",NA,NA,"52.229794",-9.902826,"uncertain","Ireland","79","1973-1981","120353, 120745, 120741, 120738, 120734, 120730, 120725","6'9''",NA,NA,"Stranded",NA,"0'10''",NA,NA,NA,NA,NA,NA,NA,NA,"3'0''",NA,NA,NA,"60 teeth in lower jaw, more measurements and description in the pictures, some uncertain",NA,NA,NA,NA,NA,NA,NA,NA,NA,NA,NA,NA,NA,NA,NA,NA
"NMI visit","photograph","NMI","Physeter","macrocephalus","Physeter macrocephalus","Sperm whale",1977,"Coney Island, Sligo county","54°17'49.8""N","8°35'39.5""W","54.297167",-8.594306,"certain","Ireland","15","NMINH:PP.194-195","20240508_124746",NA,NA,"M","Stranded",NA,NA,NA,NA,NA,NA,NA,NA,NA,NA,NA,NA,NA,NA,"Stranded",NA,NA,NA,NA,NA,NA,NA,NA,NA,NA,NA,NA,NA,NA,NA,NA
"Visit","Correspondence","NMI",NA,NA,"Stenella coeruleoalba","Striped dolphin",1984,"Courtmacsherry, Bandon, county Cork","51°38'03.0""N","8°42'20.9""W","51.634167",-8.705806,"certain","Ireland","Folder","Whales & Turtles",NA,NA,NA,NA,"Stranded",NA,NA,NA,NA,NA,NA,NA,NA,NA,NA,NA,NA,NA,NA,NA,NA,NA,NA,NA,NA,NA,NA,NA,NA,NA,NA,NA,NA,NA,NA,NA
"NMI visit","photograph","NMI",NA,NA,NA,"Unidentified whale",1966,"Cregg Strand, Lahinch, Clare county","52°55'10.7""N","9°21'03.5""W","52.919639",-9.350972,"certain","Ireland","15","NMINH:PP.152-153.2","20240508_122428",NA,NA,NA,NA,NA,NA,NA,NA,NA,NA,NA,NA,"27.9 cm",NA,NA,NA,NA,NA,"Dissected lower jaw",NA,NA,NA,NA,NA,NA,NA,NA,NA,NA,NA,NA,NA,NA,NA,NA
"NMI visit","photograph","NMI","Kogia","breviceps","Kogia breviceps","Pigmy sperm whale",1966,"Cregg, Clare county","53°08'15.0""N","9°11'56.1""W","53.137500",-9.198917,"certain","Ireland","14","NMINH:PP.133-151",NA,NA,NA,NA,NA,NA,NA,NA,"26.2 cm",NA,NA,NA,NA,"34.9 cm",NA,NA,NA,NA,NA,"Different detached parts of skull",NA,NA,NA,NA,NA,NA,NA,NA,NA,NA,NA,NA,NA,NA,NA,NA
"Visit","Correspondence","NMI",NA,NA,NA,"Unidentified porpoise",1987,"Dalkey Island",NA,NA,"53.272061",-6.084397,"certain","Ireland","Folder","Cetacea","104551, 104546",NA,NA,NA,"Recorded",NA,NA,NA,NA,NA,NA,NA,NA,NA,NA,NA,NA,NA,NA,"School of 12 porpoises, also recorded at Dublin Bay",NA,NA,NA,NA,NA,NA,NA,NA,NA,NA,NA,NA,NA,NA,NA,NA
"Visit","Correspondence","NMI",NA,NA,NA,"Unidentified whale",1910,"Dingle",NA,NA,"52.133022",-10.268604,"certain","Ireland","37","1906-1910 H","115001, 114956",NA,NA,NA,"Stranded","Killed on shore",NA,NA,NA,NA,NA,NA,NA,NA,NA,NA,NA,NA,NA,NA,NA,NA,NA,NA,NA,NA,NA,NA,NA,NA,NA,NA,NA,NA,NA,NA
"Visit","Correspondence","NMI",NA,NA,NA,"Bottlenose dolphin",1987,"Dingle harbour",NA,NA,"52.122163",-10.262079,"certain","Ireland","Folder","Cetacea","110517","12'0''",NA,NA,"Recorded",NA,NA,NA,NA,NA,NA,NA,NA,NA,NA,NA,NA,NA,NA,NA,NA,NA,NA,NA,NA,NA,NA,NA,NA,NA,NA,NA,NA,NA,NA,NA
"NMI visit","photograph","NMI","Globicephala","melas ","Globicephala melas","Pilot whale",1965,"Donabate, Dublin county","53°29'14.1""N","6°09'03.6""W","53.487250",-6.151,"certain","Ireland","15","NMINH:PP.155.2-157.1","20240508_102633",NA,NA,"M","Stranded",NA,NA,NA,NA,NA,NA,NA,NA,NA,NA,NA,NA,NA,NA,"Stranded",NA,NA,NA,NA,NA,NA,NA,NA,NA,NA,NA,NA,NA,NA,NA,NA
"Visit","Correspondence","NMI",NA,NA,"Delphinus delphis","Common dolphin",1979,"Donabate, county Dublin","53°29'05.4""N","6°09'03.6""W","53.484833",-6.151,"certain","Ireland","Folder","Whales & Turtles","20240509_145146",NA,NA,NA,"Stranded",NA,NA,NA,NA,NA,NA,NA,NA,NA,NA,NA,NA,NA,NA,NA,NA,NA,NA,NA,NA,NA,NA,NA,NA,NA,NA,NA,NA,NA,NA,NA
"Visit","Correspondence","NMI","Pseudorca","crassidens","Pseudorca crassidens","False killer whale",1934,"Dornoch Firth",NA,NA,"57.853969",-3.992869,"certain","Scotland","79","1933-1937","152440","14'9.5''",NA,"F","Collected",NA,NA,NA,NA,NA,NA,NA,NA,NA,NA,NA,NA,NA,NA,NA,NA,NA,NA,NA,NA,NA,NA,NA,NA,NA,NA,NA,NA,NA,NA,NA
"Visit","Correspondence","NMI",NA,NA,"Delphinus delphis","Common dolphin",1977,"Drogheda, county Louth","53°43'40.7""N","6°14'49.1""W","53.727972",-6.246972,"certain","Ireland","Folder","Whales & Turtles","20240509_145146",NA,NA,NA,"Stranded",NA,NA,NA,NA,NA,NA,NA,NA,NA,NA,NA,NA,NA,NA,"In doubt of truth",NA,NA,NA,NA,NA,NA,NA,NA,NA,NA,NA,NA,NA,NA,NA,NA
"NMI visit","Drawing","NMI","Tursiops","tursio","Tursiops truncatus","Bottlenose dolphin",1905,"Dublin Bay, Dublin county","53°20'13.6""N ","6°08'05.8""W","53.337111",-6.134944,"certain","Ireland","16",NA,NA,NA,NA,NA,NA,NA,NA,NA,NA,NA,NA,NA,NA,NA,NA,NA,NA,NA,NA,NA,NA,NA,NA,NA,NA,NA,NA,NA,NA,NA,NA,NA,NA,NA,NA,NA
"Visit","Correspondence","NMI",NA,NA,NA,"Unidentified whale",1897,"Dunany",NA,NA,"53.862200",-6.239457,"certain","Ireland","36","1900-1905 T","155753, 155746",NA,NA,NA,"Stranded",NA,NA,NA,NA,NA,NA,NA,NA,NA,NA,NA,NA,NA,NA,NA,NA,NA,NA,NA,NA,NA,NA,NA,NA,NA,NA,NA,NA,NA,NA,NA
"NMI visit","photograph","NMI","Hyperoodon","rostratus","Hyperoodon ampullatus","Bottlenose whale",1897,"Dunany Point, Louth county","53°51'36.9""N","6°14'17.4""W","53.860250",-6.238167,"certain","Ireland","16","NMINH:PP.217",NA,NA,NA,NA,NA,"Captured",NA,NA,NA,NA,NA,NA,NA,NA,NA,NA,NA,NA,NA,NA,NA,NA,NA,NA,NA,NA,NA,NA,NA,NA,NA,NA,NA,NA,NA,NA
"Visit","Correspondence","NMI",NA,NA,NA,"Unidentified dolphin",NA,"Dunbrattin",NA,NA,"52.135731",-7.308541,"certain","Ireland","Folder","Whales & Turtles","20240510_100808",NA,NA,NA,"Caught in net"," NA",NA,NA,NA,NA,NA,NA,NA,NA,NA,NA,NA,NA,NA,"Caught in salmon net, small specimen",NA,NA,NA,NA,NA,NA,NA,NA,NA,NA,NA,NA,NA,NA,NA,NA
"Visit","Correspondence","NMI",NA,NA,NA,"Unidentified dolphin",NA,"Dunbrattin",NA,NA,"52.135731",-7.308541,"certain","Ireland","Folder","Whales & Turtles","20240510_100808",NA,NA,NA,"Caught in net"," NA",NA,NA,NA,NA,NA,NA,NA,NA,NA,NA,NA,NA,NA,"Caught in salmon net, large specimen",NA,NA,NA,NA,NA,NA,NA,NA,NA,NA,NA,NA,NA,NA,NA,NA
"Visit","Correspondence","NMI",NA,NA,"Physeter macrocephalus","Sperm whale",1982,"Dungarvan, county Waterford","52°05'20.4""N","7°36'26.4""W","52.089000",-7.607333,"certain","Ireland","Folder","Whales & Turtles",NA,NA,NA,NA,"Stranded",NA,NA,NA,NA,NA,NA,NA,NA,NA,NA,NA,NA,NA,NA,"Unreliable report",NA,NA,NA,NA,NA,NA,NA,NA,NA,NA,NA,NA,NA,NA,NA,NA
"Visit","Correspondence","NMI","Hyperoodon","ssp.","Hyperoodon ssp","Bottlenose whale",1934,"Dunmanus Bay",NA,NA,"51.552617",-9.721439,"certain","Ireland","79","1933-1937","144451, 150839, 150826","20'0''","10'0''",NA,"Stranded",NA,NA,NA,NA,NA,NA,"0'9''","3'0''",NA,NA,"5'0''","4'0''",NA,"1 t","Approximate measurements since collector could not provide accurate measurements, no visible teeth, real location is Ballycremen, Garryvoe (unknown now)",NA,NA,NA,NA,NA,NA,NA,NA,NA,NA,NA,NA,NA,NA,NA,NA
"Visit","Correspondence","NMI",NA,NA,"Physeter macrocephalus","Sperm whale",1987,"East of Dingle, county Kerry ","52°08'02.9""N","10°16'21.4""W","52.134139",-10.272611,"certain","Ireland","Folder","Whales & Turtles","20240508_155509","46'0''",NA,NA,"Stranded",NA,NA,NA,NA,NA,NA,NA,NA,NA,NA,NA,"12'0''",NA,NA,"Found in very decomposed state. Measured from tip of lower jaw to center of tail.",NA,NA,NA,NA,NA,NA,NA,NA,NA,NA,NA,NA,NA,NA,NA,NA
"Visit","Correspondence","NMI","Delphinus","delphis","Delphinus delphis","Common dolphin",1984,"Fermoyle-Brandon Bay, Castlegregory, county Kerry","52°15'57.4""N","10°03'13.3""W","52.265944",-10.053694,"certain","Ireland","Folder","Whales & Turtles","20240509_144632","6'10''",NA,"M","Stranded",NA,NA,NA,NA,NA,NA,NA,NA,NA,NA,NA,NA,NA,NA,NA,NA,NA,NA,NA,NA,NA,NA,NA,NA,NA,NA,NA,NA,NA,NA,NA
"Visit","Correspondence","NMI","Delphinus","delphis","Delphinus delphis","Common dolphin",1984,"Fermoyle-Brandon bay, Castlegregory, county Kerry","52°15'57.4""N","10°03'13.3""W","52.265944",-10.053694,"certain","Ireland","Folder","Whales & Turtles","20240509_144632","7'3.5''",NA,"M","Stranded",NA,NA,NA,NA,NA,NA,NA,NA,NA,NA,NA,NA,NA,NA,NA,NA,NA,NA,NA,NA,NA,NA,NA,NA,NA,NA,NA,NA,NA,NA,NA
"Visit","Newspaper","NMI",NA,NA,"Hyperoodon spp.","Bottlenose whale",1885,"Fethard-on-Sea, county Wexford","52°11'32.7""N","6°49'47.6""W","52.192417",-6.829889,"certain","Ireland","Folder","Whales & Turtles","20240509_120750",NA,NA,NA,"Stranded",NA,NA,NA,NA,NA,NA,NA,NA,NA,NA,NA,NA,NA,NA,NA,NA,NA,NA,NA,NA,NA,NA,NA,NA,NA,NA,NA,NA,NA,NA,NA
"Visit","Correspondence","NMI",NA,NA,"Globicephala melas","Pilot whale",NA,"Firth of Forth",NA,NA,"56.037771",-3.261001,"certain","Scotland","79","1933-1937","130243, 130652",NA,NA,NA,NA,NA,NA,"0'17''","0'11.5''","0'5.75''","0'10.625''",NA,NA,"0'13.5''",NA,NA,NA,NA,NA,"Measurements might be inaccurate",NA,NA,NA,NA,NA,NA,NA,NA,NA,NA,NA,NA,NA,NA,NA,NA
"NMI visit","photograph","NMI","Globicephala","melas ","Globicephala melas","Pilot whale",1960,"Freaghiulan Island, between Muckinagh and Rossmuck, 6 miles NW of Costelloe, Galway county","53°20'47.0""N"," 9°35'05.2""W","53.346389",-9.584778,"certain","Ireland","15","NMINH:PP.174-175",NA,"14 ft",NA,NA,"Stranded",NA,NA,NA,NA,NA,NA,NA,NA,NA,NA,NA,NA,NA,NA,"Stranded, teeth 6 +2 sockets on either side upper jaw, 7 +3 sockets on either side in lower jaw",NA,NA,NA,NA,NA,NA,NA,NA,NA,NA,NA,NA,NA,NA,NA,NA
"Visit","Correspondence","NMI",NA,NA,"Delphinus delphis","Common dolphin",1976,"Garnish Island, Gengarriff","51°44'07.0""N","9°32'37.3""W","51.735278",-9.543694,"certain","Ireland","Folder","Whales & Turtles","20240509_145146",NA,NA,NA,"Stranded",NA,NA,NA,NA,NA,NA,NA,NA,NA,NA,NA,NA,NA,NA,NA,NA,NA,NA,NA,NA,NA,NA,NA,NA,NA,NA,NA,NA,NA,NA,NA
"Visit","Newspaper","NMI",NA,NA,"Hyperoodon spp.","Bottlenose whale",1985,"Grogans Burrow, Rostoonstown, county Wexford","52°11'21.1""N","6°26'03.5""W","52.189194",-6.434306,"certain","Ireland","Folder","Whales & Turtles","20240509_120750","6.12 m",NA,"F","Stranded",NA,NA,NA,NA,NA,NA,NA,NA,NA,NA,NA,NA,NA,NA,NA,NA,NA,NA,NA,NA,NA,NA,NA,NA,NA,NA,NA,NA,NA,NA,NA
"Visit","Correspondence","NMI",NA,NA,NA,"Risso's dolphin",1978,"Illaunanownim",NA,NA,"53.227401",-9.689168,"certain","Ireland","79","1973-1981","135643","3.3 m",NA,NA,"Stranded",NA,NA,NA,NA,NA,NA,NA,NA,NA,NA,NA,NA,NA,NA,"Four pairs of teeth in the lower jaw only",NA,NA,NA,NA,NA,NA,NA,NA,NA,NA,NA,NA,NA,NA,NA,NA
"Visit","Correspondence","NMI",NA,NA,NA,"Cuvier's beaked whale",1935,"Inishere",NA,NA,"53.058280",-9.527895,"certain","Ireland","79","1933-1937",NA,"22'0''",NA,"M","Stranded",NA,"0'14''",NA,NA,NA,NA,"0'10''","0'23''",NA,NA,"9'0''",NA,NA,NA,"2 teeth in lower jaw",NA,NA,NA,NA,NA,NA,NA,NA,NA,NA,NA,NA,NA,NA,NA,NA
"NMI visit","photograph","NMI","Physeter","macrocephalus","Physeter macrocephalus","Sperm whale",NA,"Inishere Island, Roundstone, Galway county","53°23'30.7""N","9°54'19.3""W","53.391861",-9.905361,"certain","Ireland","16","NMINH:PP.237-240",NA,NA,NA,NA,NA,NA,NA,NA,NA,NA,NA,NA,NA,NA,NA,NA,NA,NA,NA,NA,NA,NA,NA,NA,NA,NA,NA,NA,NA,NA,NA,NA,NA,NA,NA,NA
"NMI visit","photograph","NMI","Orcinus","orca","Orcinus orca","Killer whale",1958,"Islandmagee, Antrim county","54°49'27.3""N","5°42'12.1""W","54.824250",-5.703361,"certain","Northern Ireland","12","NMINH:PP.108-109",NA,NA,NA,"M","Stranded",NA,NA,NA,NA,NA,NA,NA,NA,NA,NA,NA,NA,NA,NA,"stranding",NA,NA,NA,NA,NA,NA,NA,NA,NA,NA,NA,NA,NA,NA,NA,NA
"Visit","Correspondence","NMI",NA,NA,"Grampus griseus","Risso's dolphin",1958,"Islandmagee, county Antrim",NA,NA,"54.824250",-5.703361,"certain","Ireland","Folder","Whales & Turtles","20240510_115741, 20240510_120526",NA,NA,NA,"Stranded",NA,NA,NA,NA,NA,NA,NA,NA,NA,NA,NA,NA,NA,NA,"Skin badly decomposed, tongue eaten off. Correspondence should have contained two photographs",NA,NA,NA,NA,NA,NA,NA,NA,NA,NA,NA,NA,NA,NA,NA,NA
"NMI visit","photograph","NMI","Mesoplodon","bidens","Mesoplodon bidens","Sowerby's whale",1957,"Kilkee, Clare county","52°40'56.4""N","9°38'55.2""W","52.682333",-9.648667,"certain","Ireland","15","NMINH:PP.199.2","20240508_123025, 20240508_123031","ca. 20 ft.",NA,NA,"Stranded alive",NA,NA,NA,NA,NA,NA,NA,NA,NA,NA,NA,NA,NA,NA,"Stranded alive, photo includes discussion on which species it depicts",NA,NA,NA,NA,NA,NA,NA,NA,NA,NA,NA,NA,NA,NA,NA,NA
"Visit","Correspondence","NMI","Mesoplodon","mirus ","Mesoplodon mirus","True's beaked whale",1987,"Killadoon",NA,NA,"53.705359",-9.910626,"certain","Ireland","Folder","Cetacea","103134, 103450, 103443","5.6 m",NA,NA,"Stranded",NA,NA,NA,NA,NA,NA,NA,NA,NA,NA,NA,NA,NA,NA,"Two reports about a stranded True's beaked whale at Killadoon, both November 1987, possibly the same whale",NA,NA,NA,NA,NA,NA,NA,NA,NA,NA,NA,NA,NA,NA,NA,NA
"Visit","Correspondence","NMI",NA,NA,"Mesoplodon mirus","True's beaked whale",1983,"Killadoon, county West Mayo",NA,NA,"53.707388",-9.892455,"certain","Ireland","Folder","Whales & Turtles","20240510_114234, 20240510_114312, 20240510_114319, 20240510_114333","4.59 m",NA,NA,"Stranded",NA,NA,NA,NA,NA,NA,NA,NA,NA,NA,NA,NA,NA,NA,"No teeth found",NA,NA,NA,NA,NA,NA,NA,NA,NA,NA,NA,NA,NA,NA,NA,NA
"Visit","Correspondence","NMI","Globicephala","melaena","Globicephala melas","Pilot whale",1980,"Kinnadoohy",NA,NA,"53.678903",-9.909692,"certain","Ireland","79","1973-1981","121939","5.42 m",NA,"M","Stranded",NA,"1.19 m",NA,NA,NA,NA,NA,"0.76 m",NA,NA,"3.54 m",NA,NA,NA,"Seven teeth in the left half of the upper and ten in the left half of the lower jaw, reported as a killer whale in 1980",NA,NA,NA,NA,NA,NA,NA,NA,NA,NA,NA,NA,NA,NA,NA,NA
"Visit","Correspondence","NMI",NA,NA,"Globicephala melas","Pilot whale",1980,"Kinnadoohy, Killadoon, county Mayo","53°40'45.0""N","9°54'32.8""W","53.679167",-9.909111,"certain","Ireland","Folder","Whales & Turtles","20240509_135827",NA,NA,"M","Stranded",NA,NA,NA,NA,NA,NA,NA,NA,NA,NA,NA,NA,NA,NA,NA,NA,NA,NA,NA,NA,NA,NA,NA,NA,NA,NA,NA,NA,NA,NA,NA
"Visit","Correspondence","NMI",NA,NA,NA,"Unidentified porpoise",1988,"Laytown",NA,NA,"53.678691",-6.236961,"certain","Ireland","Folder","Cetacea","100249, 100233, 100217, 100208","1.40 m",NA,NA,"Stranded",NA,NA,NA,NA,NA,NA,NA,NA,NA,NA,NA,NA,NA,NA,NA,NA,NA,NA,NA,NA,NA,NA,NA,NA,NA,NA,NA,NA,NA,NA,NA
"NMI visit","photograph","NMI",NA,NA,NA,"Unidentified whale",NA,"Louth county",NA,NA,"53.909218",-6.369827,"uncertain","Ireland","16","NMINH:PP.230","20240507_124911, 20240507_124916",NA,NA,NA,"Stranded",NA,NA,NA,NA,NA,NA,NA,NA,NA,NA,NA,NA,NA,NA,"stranded",NA,NA,NA,NA,NA,NA,NA,NA,NA,NA,NA,NA,NA,NA,NA,NA
"Visit","Correspondence","NMI",NA,NA,NA,"Pilot whale",1973,"Malin Head",NA,NA,"55.382962",-7.375489,"certain","Ireland","79","1973-1981","143244,143238","21'0''",NA,NA,"Stranded",NA,NA,NA,NA,NA,NA,"2'0''",NA,NA,NA,"15'0''",NA,NA,NA,"Teeth in both jaws, to decomposed to be certain of the identity",NA,NA,NA,NA,NA,NA,NA,NA,NA,NA,NA,NA,NA,NA,NA,NA
"Visit","Correspondence","NMI",NA,NA,"Globicephala melas","Pilot whale",1984,"Malin Head, county Donegal","55°22'58.2""N","7°22'26.2""W","55.382833",-7.373944,"certain","Ireland","Folder","Whales & Turtles","20240509_135228","11 ft",NA,"F",NA,NA,NA,NA,NA,NA,NA,NA,NA,NA,NA,NA,NA,NA,NA,"Young, found 8 or 9 teeth, fins damaged",NA,NA,NA,NA,NA,NA,NA,NA,NA,NA,NA,NA,NA,NA,NA,NA
"Visit","Correspondence","NMI","Stenella","ssp.","Stenella ssp","Striped dolphin",1987,"Mountcharles",NA,NA,"54.640158",-8.187576,"certain","Ireland","Folder","Cetacea","102413,102409, 102357, 102350","2.16 m",NA,"F","Stranded",NA,"0.21 m",NA,NA,NA,NA,"0.125","0.225 m",NA,NA,NA,NA,NA,"212 lbs","Uncertain about sex, more measurements in the photos",NA,NA,NA,NA,NA,NA,NA,NA,NA,NA,NA,NA,NA,NA,NA,NA
"Visit","Correspondence","NMI",NA,NA,NA,"Unidentified whale",1987,"Mullaghmore, county Sligo",NA,NA,"54.466689, -8.446997",-8.446997,"certain","Ireland","Folder","Whales & Turtles","20240510_101308",NA,NA,NA,"Stranded",NA,NA,NA,NA,NA,NA,NA,NA,NA,NA,NA,NA,NA,NA,NA,NA,NA,NA,NA,NA,NA,NA,NA,NA,NA,NA,NA,NA,NA,NA,NA
"NMI visit","photograph","NMI","Lagenorhynchus","acutus","Lagenorhynchus acutus","White-sided dolphin",1977,"Mulranny, Mayo county","53°53'57.7""N","9°46'26.7""W","53.899361",-9.774083,"certain","Ireland","15","NMINH:PP.164-165","20240508_110000, 20240508_105954, 20240508_110103",NA,NA,NA,"Stranded",NA,NA,NA,NA,NA,NA,NA,NA,NA,NA,NA,NA,NA,NA,"Stranded, severely decomposed",NA,NA,NA,NA,NA,NA,NA,NA,NA,NA,NA,NA,NA,NA,NA,NA
"Visit","Correspondence","NMI","Stenella","ssp.","Stenella ssp","Striped dolphin",1980,"Murvvagh Beach",NA,NA,"54.604524",-8.163613,"certain","Ireland","Folder","Cetacea","101737, 101732, 101725",NA,NA,"M","Stranded",NA,NA,NA,NA,NA,NA,NA,NA,NA,NA,NA,NA,NA,NA,"Uncertain about the sex",NA,NA,NA,NA,NA,NA,NA,NA,NA,NA,NA,NA,NA,NA,NA,NA
"Visit","Correspondence","NMI","Globicephala","melaena","Globicephala melas","Pilot whale",1972,"Mutton Island",NA,NA,"52.810768",-9.521139,"certain","Ireland","79","1973-1981","140600",NA,NA,NA,"Collected",NA,NA,"57 cm",NA,NA,NA,NA,NA,NA,NA,NA,NA,NA,NA,"Skull only",NA,NA,NA,NA,NA,NA,NA,NA,NA,NA,NA,NA,NA,NA,NA,NA
"Visit","Correspondence","NMI",NA,NA,"Orcinus orca","Killer whale",1983,"Mweelahorna beach near Colaiste na Rinne, Dungarvan Bay, county Waterford",NA,NA,"52.055060",-7.587866,"certain","Ireland","Folder","Whales & Turtles","20240510_103356, 20240510_103401, 20240510_103405, 20240510_103408, 20240510_103419","6'160'' or 21'0''",NA,NA,"Stranded alive","Crushed by own weight","0'42''",NA,NA,NA,NA,NA,NA,NA,NA,"10'0''",NA,"0'48''","3.5-4 tons","Correspondence contains many drawings with measurements, multiple stranding of 3 whales",NA,NA,NA,NA,NA,NA,NA,NA,NA,NA,NA,NA,NA,NA,NA,NA
"Visit","Correspondence","NMI",NA,NA,"Orcinus orca","Killer whale",1983,"Mweelahorna beach near Colaiste na Rinne, Dungarvan Bay, county Waterford",NA,NA,"52.055060",-7.587866,"certain","Ireland","Folder","Whales & Turtles","20240510_103356, together with above: 20240510_104016, 20240510_104012, 20240510_104436","18'0''",NA,NA,"Stranded alive",NA,NA,NA,NA,NA,NA,NA,NA,NA,NA,NA,NA,"0'48''",NA,"Smaller than one above (72)",NA,NA,NA,NA,NA,NA,NA,NA,NA,NA,NA,NA,NA,NA,NA,NA
"Visit","Correspondence","NMI",NA,NA,"Orcinus orca","Killer whale",1983,"Mweelahorna beach near Colaiste na Rinne, Dungarvan Bay, county Waterford",NA,NA,"52.055060",-7.587866,"certain","Ireland","Folder","Whales & Turtles","20240510_103356, together with above: 20240510_104016, 20240510_104012, 20240510_104436","20'0''",NA,NA,"Stranded alive","Euthanised",NA,NA,NA,NA,NA,NA,NA,NA,NA,NA,NA,"0'48''",NA,"Smaller than two above (72)",NA,NA,NA,NA,NA,NA,NA,NA,NA,NA,NA,NA,NA,NA,NA,NA
"Visit","Correspondence","NMI",NA,NA,"Delphinus delphis","Common dolphin",1982,"Mweenish Island, county Galway","53°17'58.9""N","9°51'07.7""W","53.299694",-9.852139,"certain","Ireland","Folder","Whales & Turtles","20240509_145146",NA,NA,NA,"Stranded",NA,NA,NA,NA,NA,NA,NA,NA,NA,NA,NA,NA,NA,NA,NA,NA,NA,NA,NA,NA,NA,NA,NA,NA,NA,NA,NA,NA,NA,NA,NA
"NMI visit","photograph","NMI","Tursiops","tursio","Tursiops truncatus","Bottlenose dolphin",1905,NA,NA,NA,"",NA,"unlocalised","Ireland","16","NMINH:PP.241","20240507_130148, 20240507_130122",NA,NA,"F",NA,NA,NA,NA,NA,NA,NA,NA,NA,NA,NA,NA,NA,NA,NA,"Fin with joint",NA,NA,NA,NA,NA,NA,NA,NA,NA,NA,NA,NA,NA,NA,NA,NA
"Visit","Correspondence","NMI","Grampus",NA,NA,"Risso's dolphin",NA,NA,NA,NA,"",NA,"unlocated",NA,"35","1900-1905 G","122418, 122408",NA,NA,NA,"Stranded",NA,NA,NA,NA,NA,NA,NA,NA,NA,NA,NA,NA,NA,NA,"Mentioned in a letter (1905), was rotting for weeks on the shore",NA,NA,NA,NA,NA,NA,NA,NA,NA,NA,NA,NA,NA,NA,NA,NA
"Visit","Correspondence","NMI","Mesoplodon","bidens","Mesoplodon bidens","Sowerby's beaked whale",1903,NA,NA,NA,"",NA,"unlocated",NA,"35","1900-1905 G","122418, 122408","6.5'0''",NA,NA,"Stranded alive",NA,NA,NA,NA,NA,NA,NA,NA,NA,NA,NA,NA,NA,NA,"Mentioned 2 years later in a letter, east ashore, young specimen",NA,NA,NA,NA,NA,NA,NA,NA,NA,NA,NA,NA,NA,NA,NA,NA
"Visit","Correspondence","NMI","Stenella","coeruleoalba","Stenella coeruleoalba","Striped dolphin",1985,NA,NA,NA,"",NA,"unlocalised",NA,"Folder","Whales & Turtles",NA,NA,NA,NA,NA,NA,NA,NA,NA,NA,NA,NA,NA,NA,NA,NA,NA,NA,NA,NA,NA,NA,NA,NA,NA,NA,NA,NA,NA,NA,NA,NA,NA,NA,NA,NA
"NMI visit","photograph","NMI","Kogia","breviceps","Kogia breviceps","Pigmy sperm whale",1985,"NA (ask Amy)",NA,NA,"",NA,"unlocalised",NA,"12","NMINH:PP.110-113",NA,NA,NA,"M","Stranded",NA,NA,NA,NA,NA,NA,NA,NA,NA,NA,NA,NA,NA,NA,"stranding",NA,NA,NA,NA,NA,NA,NA,NA,NA,NA,NA,NA,NA,NA,NA,NA
"Visit","Correspondence","NMI","Delphinus","delphis","Delphinus delphis","Common dolphin",1984,"Near Cloghane, Brandon Bay, Castlegregory, county Kerry","52°14'04.3""N","10°10'50.5""W","52.234528",-10.180694,"certain","Ireland","Folder","Whales & Turtles","20240509_144632","5'7''",NA,"F","Stranded",NA,NA,NA,NA,NA,NA,NA,NA,NA,NA,NA,NA,NA,NA,NA,NA,NA,NA,NA,NA,NA,NA,NA,NA,NA,NA,NA,NA,NA,NA,NA
"Visit","Correspondence","NMI","Tursiops","truncatus","Tursiops truncatus","Bottlenose dolphin",1977,"North of Duffcarrick, county Wexford",NA,NA,"52.669515",-6.208976,"certain","Ireland","79","1973-1981","115223","11'0''",NA,NA,"Stranded",NA,NA,NA,NA,NA,NA,NA,NA,NA,NA,NA,NA,NA,NA,NA,NA,NA,NA,NA,NA,NA,NA,NA,NA,NA,NA,NA,NA,NA,NA,NA
"Visit","Correspondence","NMI",NA,NA,NA,"Unidentified whale",1985,"Old Head of Kinsale, county Cork","51°36'25.3""N","8°32'17.1""W","51.607028",-8.538083,"certain","Ireland","Folder","Whales & Turtles",NA,NA,NA,NA,"Stranded",NA,NA,NA,NA,NA,NA,NA,NA,NA,NA,NA,NA,NA,NA,"No identification possible",NA,NA,NA,NA,NA,NA,NA,NA,NA,NA,NA,NA,NA,NA,NA,NA
"Visit","Correspondence","NMI",NA,NA,NA,"Common dolphin",1979,"Pirtmarnock",NA,NA,"53.429676",-6.121856,"certain","Ireland","79","1973-1981","123631","5'6''",NA,NA,"Stranded",NA,NA,NA,NA,NA,NA,NA,NA,NA,NA,NA,NA,NA,NA,NA,NA,NA,NA,NA,NA,NA,NA,NA,NA,NA,NA,NA,NA,NA,NA,NA
"Visit","Correspondence","NMI",NA,NA,"Stenella coeruleoalba","Striped dolphin",1984,"Portrush-Portstewart, county Antrim","55°11'47.1""N","6°41'13.0""W","55.196417",-6.686944,"certain","Northern Ireland","Folder","Whales & Turtles","20240509_134549","2.04 m",NA,"M","Stranded",NA,NA,NA,NA,NA,NA,NA,NA,NA,NA,NA,NA,NA,NA,NA,NA,NA,NA,NA,NA,NA,NA,NA,NA,NA,NA,NA,NA,NA,NA,NA
"Visit","Correspondence","NMI","Stenella","coeruleoalba","Stenella coeruleoalba","Striped dolphin",1898,"Portsalon, county Donegal","55°12'15.5""N","7°37'33.0""W","55.204306",-7.625833,"certain","Ireland","Folder","Whales & Turtles","20240510_125208","1.83 m",NA,NA,"Stranded",NA,"10.2 cm",NA,NA,NA,NA,NA,NA,NA,NA,NA,NA,"27.9 cm",NA,"registration number: NMI 125.1898",NA,NA,NA,NA,NA,NA,NA,NA,NA,NA,NA,NA,NA,NA,NA,NA
"NMI visit","photograph","NMI","Stenella","coeruleoalba","Stenella coeruleoalba","Striped dolphin",1984,"Portstewart, Londonderry county","55°11'21.7""N","6°43'17.6""W","55.189361",-6.721556,"certain","Northern Ireland","12","NMINH:PP.115-119",NA,NA,NA,NA,NA,NA,NA,NA,NA,NA,NA,NA,NA,NA,NA,NA,NA,NA,NA,"Skull picture",NA,NA,NA,NA,NA,NA,NA,NA,NA,NA,NA,NA,NA,NA,NA,NA
"Visit","Correspondence","NMI",NA,NA,"Hyperoodon spp.","Bottlenose whale",1985,"Ring, Ballymacoda, county Cork","51°53'40.0""N","7°53'49.1""W","51.894444",-7.896972,"certain","Ireland","Folder","Whales & Turtles",NA,NA,NA,"F","Stranded",NA,NA,NA,NA,NA,NA,NA,NA,NA,NA,NA,NA,NA,NA,NA,NA,NA,NA,NA,NA,NA,NA,NA,NA,NA,NA,NA,NA,NA,NA,NA
"NMI visit","photograph","NMI",NA,NA,NA,"Dr. Delap's whale",1964,"Rosbeg, Donegal county","54°49'17.4""N"," 8°31'28.9""W","54.821500",-8.524694,"certain","Ireland","15","NMINH:PP.154","20240508_120516",NA,NA,NA,NA,NA,NA,NA,NA,NA,NA,NA,NA,NA,NA,NA,NA,NA,NA,"Bone",NA,NA,NA,NA,NA,NA,NA,NA,NA,NA,NA,NA,NA,NA,NA,NA
"NMI visit","photograph","NMI","Globicephalus","melas","Globicephala melas","Pilot whale",1929,"Rosslare Strand, Wexford county","52°16'24.5""N","6°23'07.3""W","52.273472",-6.385361,"certain","Ireland","15","NMINH:PP.182-186",NA,NA,NA,NA,NA,NA,NA,NA,NA,NA,NA,NA,NA,NA,NA,NA,NA,NA,NA,"Skull, also described as (Caa'ing whale)",NA,NA,NA,NA,NA,NA,NA,NA,NA,NA,NA,NA,NA,NA,NA,NA
"Visit","Correspondence","NMI",NA,NA,"Grampus griseus","Risso's dolphin",1928,"Rostoonstown, county Wexford","52°11'14.3""N","6°25'04.6""W","52.187306",-6.417944,"certain","Ireland","Folder","Whales & Turtles","20240509_121831",NA,NA,NA,"Stranded",NA,NA,NA,NA,NA,NA,NA,NA,NA,NA,NA,NA,NA,NA,"Correspondence mentions other occurrences not clearly stated",NA,NA,NA,NA,NA,NA,NA,NA,NA,NA,NA,NA,NA,NA,NA,NA
"Visit","Correspondence","NMI",NA,NA,NA,"Sperm whale",1939,"Roundstone",NA,NA,"53.396417",-9.917678,"certain","Ireland","79","1938-1944","152333, 152327, 152307, 152252, 152236, 152203",NA,NA,NA,"Stranded",NA,NA,NA,NA,NA,NA,NA,NA,NA,NA,NA,NA,NA,NA,"Uncertain if it was a Sperm whale",NA,NA,NA,NA,NA,NA,NA,NA,NA,NA,NA,NA,NA,NA,NA,NA
"Visit","Correspondence","NMI",NA,NA,"Delphinus delphis","Common dolphin",1985,"Rush-Skerries, county Dublin","53°33'11.4""N","6°04'45.5""W","53.553167",-6.079306,"certain","Ireland","Folder","Whales & Turtles","20240509_120251",NA,NA,NA,"Stranded",NA,NA,NA,NA,NA,NA,NA,NA,NA,NA,NA,NA,NA,NA,NA,NA,NA,NA,NA,NA,NA,NA,NA,NA,NA,NA,NA,NA,NA,NA,NA
"NMI visit","photograph","NMI","Tursiops","tursio","Tursiops truncatus","Bottlenose dolphin",1984,"Shannon estuary, Kilcredaun Point, Clare county","52°35'00.2""N","9°41'45.7""W","52.583389",-9.696028,"certain","Ireland","16","NMINH:PP.219",NA,NA,NA,NA,"Sighting",NA,NA,NA,NA,NA,NA,NA,NA,NA,NA,NA,NA,NA,NA,"Sighting",NA,NA,NA,NA,NA,NA,NA,NA,NA,NA,NA,NA,NA,NA,NA,NA
"Visit","Correspondance","NMI",NA,NA,"Globicephala melas","Pilot whale",1984,"Silver Strand, Thallabawn",NA,NA,"53.661720",-9.914119,"certain","Ireland","Folder","Whales & Turtles","20240510_100303","7'0''",NA,"F","Stranded",NA,"0'15''",NA,NA,NA,NA,NA,NA,NA,NA,NA,NA,NA,NA,"No teeth visible, yet 10 per side in lower and upper jaw found deep in gums",NA,NA,NA,NA,NA,NA,NA,NA,NA,NA,NA,NA,NA,NA,NA,NA
"Visit","Correspondence","NMI","Physeter","macrocephalus","Physeter macrocephalus","Sperm whale",1977,"Sligo Bay",NA,NA,"54.289035",-8.505515,"certain","Ireland","79","1973-1981","143434, 143429, 143424","14.2 m",NA,"M","Stranded",NA,"1.3 m",NA,NA,NA,NA,NA,NA,NA,NA,"4.5 m",NA,NA,NA,"Snout to blowhole measurements uncertain",NA,NA,NA,NA,NA,NA,NA,NA,NA,NA,NA,NA,NA,NA,NA,NA
"Visit","Correspondence","NMI",NA,NA,NA,"Sperm whale",1936,"Sligo coast",NA,NA,"54.297530",-8.598491,"certain","Ireland","79","1938-1944",NA,NA,NA,NA,"Stranded",NA,NA,NA,NA,NA,NA,NA,NA,NA,NA,NA,NA,NA,NA,NA,NA,NA,NA,NA,NA,NA,NA,NA,NA,NA,NA,NA,NA,NA,NA,NA
"Visit","Correspondence","NMI",NA,NA,NA,"Unidentified porpoise",1981,"Slyne Head",NA,NA,"53.399664",-10.235287,"certain","Ireland","79","1973-1981","144218, 144209","5-9'0''",NA,NA,"Recorded",NA,NA,NA,NA,NA,NA,NA,NA,NA,NA,NA,NA,NA,NA,"School of about 16 porpoises, identity uncertain, could be Common or Bottlenose dolphin, length between 5 and 9 feet",NA,NA,NA,NA,NA,NA,NA,NA,NA,NA,NA,NA,NA,NA,NA,NA
"Visit","Correspondence","NMI",NA,NA,"Ziphius cavirostris","Cuvier's beaked whale",1983,"Streedagh strand, near Grange",NA,NA,"54.405293",-8.559753,"certain","Ireland","Folder","Whales & Turtles","20240510_110336, 20240510_110542","20 ft",NA,NA,"Stranded",NA,NA,NA,NA,NA,NA,NA,NA,NA,NA,NA,NA,NA,NA,"Has flattened teeth, in very good condition. Previously identified as True's beaked whale.",NA,NA,NA,NA,NA,NA,NA,NA,NA,NA,NA,NA,NA,NA,NA,NA
"Visit","Correspondence","NMI",NA,NA,"Delphinus delphis","Common dolphin",1979,"Sutton Creek, county Dublin","53°23'11.6""N","6°06'17.1""W","53.386556",-6.10475,"certain","Ireland","Folder","Whales & Turtles","20240509_145146",NA,NA,NA,"Stranded",NA,NA,NA,NA,NA,NA,NA,NA,NA,NA,NA,NA,NA,NA,NA,NA,NA,NA,NA,NA,NA,NA,NA,NA,NA,NA,NA,NA,NA,NA,NA
"NMI visit","photograph","NMI","Mesoplodon","mirus","Mesoplodon mirus","True's beaked whale",1987,"Thallabawn, Killadoon, Mayo county","53°40'18.7""N","9°54'37.9""W","53.671861",-9.910528,"certain","Ireland","16","NMINH:PP.228-229",NA,NA,NA,NA,"Stranded",NA,NA,NA,NA,NA,NA,NA,NA,NA,NA,NA,NA,NA,NA,"stranded",NA,NA,NA,NA,NA,NA,NA,NA,NA,NA,NA,NA,NA,NA,NA,NA
"Visit","Correspondence","NMI",NA,NA,"melas","Pilot whale",1983,"Thallabawn, county Mayo","53°40'12.7""N","9°54'38.5""W","53.670194",-9.910694,"certain","Ireland","Folder","Whales & Turtles","20240509_143304",NA,NA,NA,"Stranded",NA,NA,NA,NA,NA,NA,NA,NA,NA,NA,NA,NA,NA,NA,NA,NA,NA,NA,NA,NA,NA,NA,NA,NA,NA,NA,NA,NA,NA,NA,NA
"Visit","Correspondence","NMI",NA,NA,"Grampus griseus","Risso's dolphin",1982,"Thallabawn, county Mayo","53°40'12.7""N","9°54'38.5""W","53.670194",-9.910694,"certain","Ireland","Folder","Whales & Turtles","20240509_143304",NA,NA,NA,"Stranded",NA,NA,NA,NA,NA,NA,NA,NA,NA,NA,NA,NA,NA,NA,"Ship's railing tied to its tail",NA,NA,NA,NA,NA,NA,NA,NA,NA,NA,NA,NA,NA,NA,NA,NA
"NMI visit","photograph","NMI","Physeter","macrocephalus","Physeter macrocephalus","Sperm whale",1982,"Trabeg, Lispole, Kerry county","52°07'11.6""N","10°13'18.0""W","52.119889",-10.221667,"certain","Ireland","6","NMINH:PP.87-92",NA,"1790 cm",NA,"M",NA,NA,NA,NA,NA,NA,NA,NA,NA,NA,NA,NA,NA,NA,NA,"Very desintegrated, fluke is 400 cm",NA,NA,NA,NA,NA,NA,NA,NA,NA,NA,NA,NA,NA,NA,NA,NA
"Visit","Correspondence","NMI",NA,NA,NA,"Common dolphin",1980,"Tramore Bay",NA,NA,"52.155043",-7.147188,"certain","Ireland","79","1973-1981","105810","205 cm",NA,NA,"Stranded",NA,NA,NA,NA,NA,NA,"13.4 cm",NA,NA,NA,NA,NA,NA,NA,"Teeth present",NA,NA,NA,NA,NA,NA,NA,NA,NA,NA,NA,NA,NA,NA,NA,NA
"Visit","Correspondence","NMI",NA,NA,NA,"Risso's dolphin",1980,"Tramore Bay",NA,NA,"52.155043",-7.147188,"certain","Ireland","79","1973-1981","105810","315 cm",NA,NA,"Stranded",NA,NA,NA,NA,NA,NA,NA,NA,NA,NA,NA,NA,NA,NA,"Teeth present, no beak",NA,NA,NA,NA,NA,NA,NA,NA,NA,NA,NA,NA,NA,NA,NA,NA
"Visit","Correspondence","NMI",NA,NA,"Delphinus delphis","Common dolphin",1980,"Tramore Bay, county Waterford","52°09'30.5""N","7°08'38.8""W","52.158472",-7.144111,"certain","Ireland","Folder","Whales & Turtles","20240509_162258",NA,NA,NA,"Stranded",NA,NA,NA,NA,NA,NA,NA,NA,NA,NA,NA,NA,NA,NA,NA,NA,NA,NA,NA,NA,NA,NA,NA,NA,NA,NA,NA,NA,NA,NA,NA
"Visit","Correspondence","NMI",NA,NA,"Delphinus delphis","Common dolphin",1981,"Tramore Bay, county Waterford","52°09'30.5""N","7°08'38.8""W","52.158472",-7.144111,"certain","Ireland","Folder","Whales & Turtles","20240509_145146",NA,NA,NA,"Stranded",NA,NA,NA,NA,NA,NA,NA,NA,NA,NA,NA,NA,NA,NA,NA,NA,NA,NA,NA,NA,NA,NA,NA,NA,NA,NA,NA,NA,NA,NA,NA
"Visit","Correspondence","NMI",NA,NA,"Delphinus delphis","Common dolphin",1980,"Tramore Bay, county waterford","52°09'30.5""N","7°08'38.8""W","52.158472",-7.144111,"certain","Ireland","Folder","Whales & Turtles","20240509_145146",NA,NA,NA,"Stranded",NA,NA,NA,NA,NA,NA,NA,NA,NA,NA,NA,NA,NA,NA,NA,NA,NA,NA,NA,NA,NA,NA,NA,NA,NA,NA,NA,NA,NA,NA,NA
"Visit","Correspondence","NMI",NA,NA,NA,"Common dolphin",1981,"Tramore Strand",NA,NA,"52.154935",-7.123922,"certain","Ireland","79","1973-1981","105152, 105156",NA,NA,NA,"Stranded",NA,NA,NA,NA,NA,NA,NA,NA,NA,NA,NA,NA,NA,NA,"Teeth in both jaws, lower jaw: 45, upper jaw: 43-46 (several missing)",NA,NA,NA,NA,NA,NA,NA,NA,NA,NA,NA,NA,NA,NA,NA,NA
"Visit","Correspondence","NMI",NA,NA,NA,"Toothed whale",1985,"Tullaghan beacn, Bundoran, county Donegal","54°28'24.3""N","8°19'12.0""W","54.473417",-8.32,"certain","Ireland","Folder","Whales & Turtles","20240509_115143",NA,NA,NA,"Stranded",NA,NA,NA,NA,NA,NA,NA,NA,NA,NA,NA,NA,NA,NA,"Found severely decomposed, photos included, possibly a young Cuvier's whale",NA,NA,NA,NA,NA,NA,NA,NA,NA,NA,NA,NA,NA,NA,NA,NA
"Visit","Correspondence","NMI",NA,NA,NA,"True's beaked whale",1934,"Valentia Island",NA,NA,"51.909722",-10.35421,"certain","Ireland","79","1933-1937",NA,NA,NA,"F","Stranded",NA,NA,NA,NA,NA,NA,NA,NA,NA,NA,NA,NA,NA,NA,"Decomposed",NA,NA,NA,NA,NA,NA,NA,NA,NA,NA,NA,NA,NA,NA,NA,NA
"Visit","Correspondence","NMI",NA,NA,NA,"Toothed whale",1944,"Valentia island",NA,NA,"51.909722",-10.35421,"certain","Ireland","79","1933-1937",NA,NA,NA,NA,"Stranded",NA,NA,NA,NA,NA,NA,NA,NA,NA,NA,NA,NA,NA,NA,NA,NA,NA,NA,NA,NA,NA,NA,NA,NA,NA,NA,NA,NA,NA,NA,NA
"Visit","Correspondence","NMI","Mesoplodon","mirus","Mesoplodon mirus","True's beaked whale",1935,"Valentia island",NA,NA,"51.909722",-10.35421,"certain","Ireland","79","1933-1937","155230",NA,NA,NA,"Stranded",NA,NA,"676 mm",NA,"63 mm",NA,NA,NA,NA,NA,NA,NA,NA,NA,"Second pair of teeth in the lower jaw",NA,NA,NA,NA,NA,NA,NA,NA,NA,NA,NA,NA,NA,NA,NA,NA
"Visit","Correspondence","NMI",NA,NA,"Stenella coeruleoalba","Striped dolphin",1985,"West Cork, county Cork",NA,NA,"51.563007",-9.390246,"uncertain","Ireland","Folder","Whales & Turtles",NA,NA,NA,NA,"Stranded",NA,NA,NA,NA,NA,NA,NA,NA,NA,NA,NA,NA,NA,NA,NA,NA,NA,NA,NA,NA,NA,NA,NA,NA,NA,NA,NA,NA,NA,NA,NA
"Visit","Correspondence","NMI",NA,NA,"Tursiops truncatus","Bottlenose dolphin",1981,"Wexford Harbour",NA,NA,"52.338977",-6.45866,"certain","Ireland","Folder","Whales & Turtles","20240510_120941",NA,NA,NA,"Stranded",NA,NA,NA,NA,NA,NA,NA,NA,NA,NA,NA,NA,NA,NA,NA,NA,NA,NA,NA,NA,NA,NA,NA,NA,NA,NA,NA,NA,NA,NA,NA
"Visit","Correspondence","NMI","Stenella ",NA,"Stenella coeruleoalba","Striped dolphin",1912,"Wexford, county Wexford","52°20'14.6""N","6°27'27.0""W","52.337389",-6.4575,"certain","Ireland","Folder","Whales & Turtles","20240510_125208","1.88 m",NA,"F","Stranded",NA,NA,NA,NA,NA,NA,NA,NA,NA,NA,NA,NA,NA,"71.67 kg","Juvenile, mentioned as Stenella, yet registered by Scharff as D. delphis. Registration number: 225.1912",NA,NA,NA,NA,NA,NA,NA,NA,NA,NA,NA,NA,NA,NA,NA,NA
"Visit","Correspondence","NMI",NA,NA,"Stenella coeruleoalba","Striped dolphin",1986,"Whitepark Bay, county Antrim","55°13'57.9""N","6°24'16.3""W","55.232750",-6.404528,"certain","Northern Ireland","Folder","Whales & Turtles",NA,NA,NA,NA,"Stranded",NA,NA,NA,NA,NA,NA,NA,NA,NA,NA,NA,NA,NA,NA,NA,NA,NA,NA,NA,NA,NA,NA,NA,NA,NA,NA,NA,NA,NA,NA,NA
"Visit","Correspondence","NMI",NA,NA,"Globicephala melas","Pilot whale",1979,"Whiting Bay, county Waterford","51°57'06.9""N","7°46'23.9""W","51.951917",-7.773306,"certain","Ireland","Folder","Whales & Turtles","20240509_161852",NA,NA,NA,"Stranded",NA,NA,"58.4 cm","40 cm",NA,NA,NA,NA,NA,NA,NA,NA,NA,NA,"Measurements are done straight and horizontally, at least 16 tooth sockets in upper jaw",NA,NA,NA,NA,NA,NA,NA,NA,NA,NA,NA,NA,NA,NA,NA,NA
"Visit","Correspondence","NMI",NA,NA,"Orcinus orca","Killer whale",1983,"Youghal, county Cork",NA,NA,"51.953792",-7.845798,"certain","Ireland","Folder","Whales & Turtles","20240510_105420","~9 ft without flukes",NA,NA,"Stranded",NA,NA,NA,NA,NA,NA,NA,NA,NA,NA,NA,NA,NA,NA,"Badly decomposed, identified based on skull",NA,NA,NA,NA,NA,NA,NA,NA,NA,NA,NA,NA,NA,NA,NA,NA
"","","","","","","",NA,"","","","",NA,"","","","","","","","","","","","","","","","","","","","","","","","",NA,NA,NA,NA,NA,NA,NA,NA,NA,NA,NA,NA,NA,NA,NA,NA
"","","","","","","",NA,"","","","",NA,"","","","","","","","","","","","","","","","","","","","","","","","",NA,NA,NA,NA,NA,NA,NA,NA,NA,NA,NA,NA,NA,NA,NA,NA
"","","","","","","",NA,"","","","",NA,"","","","","","","","","","","","","","","","","","","","","","","","",NA,NA,NA,NA,NA,NA,NA,NA,NA,NA,NA,NA,NA,NA,NA,NA
