Source,Source_type,Source_code,Genus,Species,Common_name,Type,Year,Month,Day,Locality,Added_Z.,Registration_number,Photo_number,Notes,Sex,Phase
National Museums Scotland,visit,specimen number,Phocoena,phocoena,Harbor porpoise,teeth,1875,,,,,Z.1990.015.019,802,note said it was macerated 1875,,
National Museums Scotland,visit,specimen number,Phocoena,phocoena,Harbor porpoise,skull with teeth,1875,,,,,Z.1990.15.16,"882, 883",,,Juvenile
National Museums Scotland,visit,specimen number,Phocoena,phocoena,Harbor porpoise,skull with teeth,1908,,,,,1908.047,"894, 895",,,
National Museums Scotland,visit,specimen number,Phocoena,phocoena,Harbor porpoise,skull with teeth,1929,9,4,"Aberlady, East Lothian, Scotland, Northern Europe",x,1929.119,"890, 891",,,Adult
National Museums Scotland,visit,specimen number,Phocoena,phocoena,Harbor porpoise,skull with teeth,1929,,,,x,1929.117,"892, 893","locality, but unable to read it, trompeat moos, shows up as turtle dove in online database",,
National Museums Scotland,visit,specimen number,Phocoena,phocoena,Harbor porpoise,skull with teeth,1932,,,,,1990.015.015,"868, 869","box with 2 skeletons, disarticulated in 1932",,
National Museums Scotland,visit,specimen number,Phocoena,phocoena,Harbor porpoise,skull with teeth,1968,1,19,"Silverknowes, Edinburgh, Midlothian, Scotland, Northern Europe",,Z.1990.15.22,"886, 887",,,Adult
National Museums Scotland,visit,specimen number,Phocoena,phocoena,Harbor porpoise,skull with teeth,1981,10,13,"Port Gordon, Banff, Morayshire, Scotland, Northern Europe",,Z.1982.35,"875, 876",teeth are in the skull,Male,Adult
National Museums Scotland,visit,specimen number,Phocoena,phocoena,Harbor porpoise,skull with teeth,1984,6,8,"Fife Ness, Fife, Scotland, Northern Europe",,Z.1989.23.2,"880, 881",teeth are in skull,Female,Adult
National Museums Scotland,visit,specimen number,Phocoena,phocoena,Harbor porpoise,teeth,1988,6,1,"Derbyhaven Bay, Isle of Man, Northern Europe",,Z.1990.128.4,NA,,Female,Juvenile
National Museums Scotland,visit,specimen number,Phocoena,phocoena,Harbor porpoise,skull with teeth,1989,12,6,"Scalloway, Mainland, Shetland, Scotland, Northern Europe",,Z.1990.123.1,"803, 804",10 years,Male,Adult
National Museums Scotland,visit,specimen number,Phocoena,phocoena,Harbor porpoise,skull with teeth,1989,12,6,"Scalloway, Mainland, Shetland, Scotland, Northern Europe",,Z.1990.123.3,"809, 810",6 years,Male,Adult
National Museums Scotland,visit,specimen number,Phocoena,phocoena,Harbor porpoise,skull with teeth,1989,12,2,"Shetland, Scotland, Northern Europe",,Z.1990.123.2,"811, 812",,Female,Adult
National Museums Scotland,visit,specimen number,Phocoena,phocoena,Harbor porpoise,skull with teeth,1989,10,2,"27 miles SSE of Bard Head, Bressay, Shetland, Scotland, Northern Europe

",,Z.1990.123.7,"813, 814",5 years,Female,Adult
National Museums Scotland,visit,specimen number,Phocoena,phocoena,Harbor porpoise,skull with teeth,1989,8,30,"6 miles W of Hamnavoe, West Burra, Shetland, Scotland, Northern Europe

",,Z.1990.123.6,"815, 816",2 years,Female,Juvenile
National Museums Scotland,visit,specimen number,Phocoena,phocoena,Harbor porpoise,skull with teeth,1989,10,13,"13 miles SW of Scalloway, Mainland, Shetland, Scotland, Northern Europe

",,Z.1990.123.5,"817, 818",4 years,Male,Adult
National Museums Scotland,visit,specimen number,Phocoena,phocoena,Harbor porpoise,skull with teeth,1989,8,24,"8 miles W of Hamnavoe, West Burra, Shetland, Scotland, Northern Europe

",,Z.1990.123.10,"819, 820",3 years,Male,Subadult
National Museums Scotland,visit,specimen number,Phocoena,phocoena,Harbor porpoise,skull with teeth,1989,8,24,"8 miles W of Hamnavoe Light, West Burra, Shetland, Scotland, Northern Europe",,Z.1990.123.9,"821, 822",1 year,Male,Juvenile
National Museums Scotland,visit,specimen number,Phocoena,phocoena,Harbor porpoise,skull with teeth,1989,10,20,"12 miles SW of Scalloway, Mainland, Shetland, Scotland, Northern Europe",,Z.1990.123.8,"823, 824",4 years,Female,Adult
National Museums Scotland,visit,specimen number,Phocoena,phocoena,Harbor porpoise,skull with teeth,1989,7,27,"7 miles WSW of Hamnavoe Light, West Burra, Shetland, Scotland, Northern Europe",,Z.1990.123.13,"825, 826",3 years,Female,Adult
National Museums Scotland,visit,specimen number,Phocoena,phocoena,Harbor porpoise,skull with teeth,1989,8,24,"8 miles W of Hamnavoe Light, West Burra, Shetland, Scotland, Northern Europe",,Z.1990.123.12,"827, 828",10 years,Female,Adult
National Museums Scotland,visit,specimen number,Phocoena,phocoena,Harbor porpoise,skull with teeth,1989,8,23,"2-3 miles W of Fitful Head, Mainland, Shetland, Scotland, Northern Europe

",,Z.1990.123.11,"829, 830",2 years,Female,Subadult
National Museums Scotland,visit,specimen number,Phocoena,phocoena,Harbor porpoise,skull with teeth,1989,7,28,"Out Skerries, Shetland, Scotland, Northern Europe",,Z.1990.123.16,"831, 832",5 years,Male,Adult
National Museums Scotland,visit,specimen number,Phocoena,phocoena,Harbor porpoise,skull with teeth,1989,11,1,"Burra, Shetland, Scotland, Northern Europe",,Z.1990.123.15,"833, 834",9 years,Male,Adult
National Museums Scotland,visit,specimen number,Phocoena,phocoena,Harbor porpoise,skull with teeth,1989,10,14,"10 miles WSW of Hamnavoe Light, West Burra, Shetland, Scotland, Northern Europe",,Z.1990.123.14,"835, 836",1 year,Female,Juvenile
National Museums Scotland,visit,specimen number,Phocoena,phocoena,Harbor porpoise,skull with teeth,1989,7,10-11,"E of Bressay, Shetland, Scotland, Northern Europe",,Z.1990.123.18,"839, 840",9 years,Male,Adult
National Museums Scotland,visit,specimen number,Phocoena,phocoena,Harbor porpoise,skull with teeth,1989,8,5,"St Ninian's Isle, Shetland, Scotland, Northern Europe",,Z.1990.123.17,"841, 842",8 years,Male,Adult
National Museums Scotland,visit,specimen number,Phocoena,phocoena,Harbor porpoise,skull with teeth,1989,3,2,"16 miles WSW of Hamnavoe Light, West Burra, Shetland, Scotland, Northern Europe",,Z.1990.128.3,"843, 844",,Female,Juvenile
National Museums Scotland,visit,specimen number,Phocoena,phocoena,Harbor porpoise,skull with teeth,1989,2,16,"3 miles offshore from Folkestone, Kent, England, Northern Europe",,Z.1990.128.5,"849, 850",,Female,Juvenile
National Museums Scotland,visit,specimen number,Phocoena,phocoena,Harbor porpoise,skull with teeth,1989,2,16,"3 miles offshore from Folkestone, Kent, England, Northern Europe",,Z.1990.128.6,"855, 856",,Male,Subadult
National Museums Scotland,visit,specimen number,Phocoena,phocoena,Harbor porpoise,teeth,1990,9,24,"Findhorn, Morayshire, Scotland, Northern Europe",x,1992.29.13,,,Male,Juvenile
National Museums Scotland,visit,specimen number,Phocoena,phocoena,Harbor porpoise,skull with teeth,1990,12,12,"Sennen Cove, Cornwall, England, Northern Europe",,Z.1991.145.5,"733, 734",,Female,Juvenile
National Museums Scotland,visit,specimen number,Phocoena,phocoena,Harbor porpoise,skull with teeth,1990,11,29,"Isle of Sheppey, Kent, England, Northern Europe",,Z.1991.145.4,"735, 736",,Male,Juvenile
National Museums Scotland,visit,specimen number,Phocoena,phocoena,Harbor porpoise,skull with teeth,1990,,,"Sunderland, County Durham, England, Northern Europe",,Z.1991.123.11,"737, 738",,Male,Juvenile
National Museums Scotland,visit,specimen number,Phocoena,phocoena,Harbor porpoise,skull with teeth,1990,,,"Teeside, England, Northern Europe",,Z.1990.123.4,"807, 808",1 year,Male,Juvenile
National Museums Scotland,visit,specimen number,Phocoena,phocoena,Harbor porpoise,skull with teeth,1990,,,"Bridlington, Yorkshire, England, Northern Europe",,Z.1991.123.2,"845, 846",6 years,Female,Adult
National Museums Scotland,visit,specimen number,Phocoena,phocoena,Harbor porpoise,skull with teeth,1990,,,"Blackwater River, Essex, England, Northern Europe",,Z.1991.123.1 ,"847, 848",3 years,Female,Subadult
National Museums Scotland,visit,specimen number,Phocoena,phocoena,Harbor porpoise,skull with teeth,1990,,,"Blackwater River, Essex, England, Northern Europe",,Z.1991.123.4,"851, 852",1 year,Male,Juvenile
National Museums Scotland,visit,specimen number,Phocoena,phocoena,Harbor porpoise,skull with teeth,1990,,,"Portslade, East Sussex, England, Northern Europe",,Z.1991.123.3,"853, 854",0 years,Male,Juvenile
National Museums Scotland,visit,specimen number,Phocoena,phocoena,Harbor porpoise,skull with teeth,1990,6,7,"Shetland, Scotland, Northern Europe",,Z.1991.123.7,"857, 858",3 years,Male,Subadult
National Museums Scotland,visit,specimen number,Phocoena,phocoena,Harbor porpoise,teeth,1990,,,"Skegness, Lincolnshire, England, Northern Europe",,Z.1991.123.6,NA,0 years,Male,Juvenile
National Museums Scotland,visit,specimen number,Phocoena,phocoena,Harbor porpoise,skull with teeth,1990,5,13,"Raasay, Inverness-shire, Scotland, Northern Europe",,Z.1991.123.5,"859, 860",4 years,Female,Adult
National Museums Scotland,visit,specimen number,Phocoena,phocoena,Harbor porpoise,skull with teeth,1990,8,14,"Balmedie, Aberdeenshire, Scotland, Northern Europe",,Z.1991.123.10,"861, 862",,Female,Subadult
National Museums Scotland,visit,specimen number,Phocoena,phocoena,Harbor porpoise,skull with teeth,1990,8,,"Shetland, Scotland, Northern Europe",,Z.1991.123.9,"863, 864","2 years, collected between 7-9, chose 8 as median",Male,Subadult
National Museums Scotland,visit,specimen number,Phocoena,phocoena,Harbor porpoise,skull with teeth,1990,8,,"Shetland, Scotland, Northern Europe",,Z.1991.123.8,"865, 866","2 years, collected between 7-9, chose 8 as median",Male,Juvenile
National Museums Scotland,visit,specimen number,Phocoena,phocoena,Harbor porpoise,skull with teeth,1991,9,12,"Caernarfon, Wales, Northern Europe",x,1992.24.11,683,photos on digital camera,Female,Juvenile
National Museums Scotland,visit,specimen number,Phocoena,phocoena,Harbor porpoise,skull with teeth,1991,11,30,"Sunderland, County Durham, England, Northern Europe",x,1992.24.10,684,photos on digital camera,Female,Juvenile
National Museums Scotland,visit,specimen number,Phocoena,phocoena,Harbor porpoise,skull with teeth,1991,9,30,"Burghead, Morayshire, Scotland, Northern Europe",x,1992.29.1,685,photos on digital camera,Male,Juvenile
National Museums Scotland,visit,specimen number,Phocoena,phocoena,Harbor porpoise,skull with teeth,1991,11,13,"Aberlady, East Lothian, Scotland",,Z.1992.25,686,photos on digital camera,Female,Adult
National Museums Scotland,visit,specimen number,Phocoena,phocoena,Harbor porpoise,skull with teeth,1991,10,22,"Cardigan Island, Dyfed, Wales, Northern Europe",,Z.1992.24.13,687,,Male,Adult
National Museums Scotland,visit,specimen number,Phocoena,phocoena,Harbor porpoise,teeth,1991,7,12,"St Andrews, Fife, Scotland, Northern Europe",x,1992.29.5,,,Male,Juvenile
National Museums Scotland,visit,specimen number,Phocoena,phocoena,Harbor porpoise,teeth,1991,6,16,"St Andrews, Fife, Scotland, Northern Europe",x,1992.29.3,,,Male,Juvenile
National Museums Scotland,visit,specimen number,Phocoena,phocoena,Harbor porpoise,skull with teeth,1991,6,25,"Lossiemouth, Morayshire, Scotland, Northern Europe",,Z.1992.29.9,688,,Male,Adult
National Museums Scotland,visit,specimen number,Phocoena,phocoena,Harbor porpoise,skull with teeth,1991,9,9,"Portessie, Banffshire, Scotland, Northern Europe",,Z.1992.29.8,"689, 690",,Female,Adult
National Museums Scotland,visit,specimen number,Phocoena,phocoena,Harbor porpoise,skull with teeth,1991,3,19,"Lunan Bay, Angus, Scotland, Northern Europe",,Z.1992.29.6,"691, 692",,Female,Juvenile
National Museums Scotland,visit,specimen number,Phocoena,phocoena,Harbor porpoise,skull with teeth,1991,10,9,"Cromarty, Ross and Cromarty, Scotland, Northern Europe",,Z.1992.29.12,"693, 694",,Male,Adult
National Museums Scotland,visit,specimen number,Phocoena,phocoena,Harbor porpoise,skull with teeth,1991,6,10,"Firth of Clyde, North Atlantic, ATLANTIC OCEAN",,Z.1992.29.11,"695, 696",,Male,Adult
National Museums Scotland,visit,specimen number,Phocoena,phocoena,Harbor porpoise,skull with teeth,1991,2,22,"90 miles east of Lerwick, Shetland, Scotland, Northern Europe

",,Z.1992.29.10,"697, 698",,Male,Adult
National Museums Scotland,visit,specimen number,Phocoena,phocoena,Harbor porpoise,skull with teeth,1991,3,17,"Carne beach, Veryan, Cornwall, England, Northern Europe",,Z.1992.150.4,"705, 706",,Male,Adult
National Museums Scotland,visit,specimen number,Phocoena,phocoena,Harbor porpoise,skull with some teeth,1991,4,13,"Spurn Point, Humberside, England, Northern Europe",x,1992.150.31,"707, 708",just one tooth next to the skull,Female,Adult
National Museums Scotland,visit,specimen number,Phocoena,phocoena,Harbor porpoise,teeth,1991,7,14,"Hedon Creek, Humberside, England, Northern Europe",x,1992.150.33,NA,,Male,Adult
National Museums Scotland,visit,specimen number,Phocoena,phocoena,Harbor porpoise,skull with teeth,1991,2,5-7,"Southwold, Suffolk, England, Northern Europe",,Z.1991.145.11,"739, 740",,Female,Juvenile
National Museums Scotland,visit,specimen number,Phocoena,phocoena,Harbor porpoise,skull with teeth,1991,2,5,"Shanklin, Isle of Wight, England, Northern Europe",,Z.1991.145.9,"741, 742",,Female,Juvenile
National Museums Scotland,visit,specimen number,Phocoena,phocoena,Harbor porpoise,skull with teeth,1991,1,19,"Broadstairs, Kent, England, Northern Europe",,Z.1991.145.8,"743, 744, 745",,Male,Adult
National Museums Scotland,visit,specimen number,Phocoena,phocoena,Harbor porpoise,skull with teeth,1991,2,14,"South Shields, Durham, England, Northern Europe",,Z.1991.145.12,"746, 747",,Male,Adult
National Museums Scotland,visit,specimen number,Phocoena,phocoena,Harbor porpoise,skull with teeth,1991,2,16,"Bexhill-on-Sea, East Sussex, England, Northern Europe",,Z.1991.145.13,"748, 749",,Male,Adult
National Museums Scotland,visit,specimen number,Phocoena,phocoena,Harbor porpoise,skull without teeth,1991,1,,"Penzance, Cornwall, England, Northern Europe",,Z.1991.145.7,"750, 751",,Female,Adult
National Museums Scotland,visit,specimen number,Phocoena,phocoena,Harbor porpoise,skull with teeth,1991,3,17,"Veryan, Cornwall, England, Northern Europe",,Z.1991.145.16,"752, 753",just one tooth,Male,Subadult
National Museums Scotland,visit,specimen number,Phocoena,phocoena,Harbor porpoise,skull with teeth,1991,3,27,"South Shields, Durham, England, Northern Europe",,Z.1991.145.17,"754, 755",,Male,Juvenile
National Museums Scotland,visit,specimen number,Phocoena,phocoena,Harbor porpoise,skull with teeth,1991,3,7,"Holderness, Yorkshire, England, Northern Europe",,Z.1991.145.14,"756, 757",,Female,Juvenile
National Museums Scotland,visit,specimen number,Phocoena,phocoena,Harbor porpoise,skull with teeth,1991,4,20,"Filey, Yorkshire, England, Northern Europe",,Z.1991.145.21,"758, 759",,Female,Adult
National Museums Scotland,visit,specimen number,Phocoena,phocoena,Harbor porpoise,skull with teeth,1991,4,2,"Victoria Fort, Isle of Wight, England, Northern Europe",,Z.1991.145.18,"760, 761",,Female,Adult
National Museums Scotland,visit,specimen number,Phocoena,phocoena,Harbor porpoise,skull with teeth,1991,3,27,"South Shields, Durham, England, Northern Europe",,Z.1991.145.17,NA,broken skull no pics,Male,Juvenile
National Museums Scotland,visit,specimen number,Phocoena,phocoena,Harbor porpoise,skull with teeth,1991,8,29,"Hornsea, Yorkshire, England, Northern Europe",,Z.1991.145.28,"762, 763",,Male,Adult
National Museums Scotland,visit,specimen number,Phocoena,phocoena,Harbor porpoise,skull with teeth,1991,9,16,"Clacton, Essex, England, Northern Europe",,Z.1991.145.25,"764, 765",,Female,Adult
National Museums Scotland,visit,specimen number,Phocoena,phocoena,Harbor porpoise,skull with teeth,1991,5,13,"Foulness Point, Essex, England, Northern Europe",,Z.1991.145.23,"766, 767",,Female,Juvenile
National Museums Scotland,visit,specimen number,Phocoena,phocoena,Harbor porpoise,teeth,1991,6,26,"Hunstanton, Norfolk, England, Northern Europe",x,1991.145.30,NA,half a tooth,Male,Juvenile
National Museums Scotland,visit,specimen number,Phocoena,phocoena,Harbor porpoise,teeth,1991,6,29,"Amroth Beach, Tenby, Pembroke, Wales, Northern Europe",x,1991.145.31,NA,,Male,Juvenile
National Museums Scotland,visit,specimen number,Phocoena,phocoena,Harbor porpoise,skull without teeth,1991,6,18,"Cuminestown, Aberdeenshire, Scotland, Northern Europe",x,1991.146.14,"768, 769",,Female,Juvenile
National Museums Scotland,visit,specimen number,Phocoena,phocoena,Harbor porpoise,skull with teeth,1991,2,13,"NW of Foula, Shetland, Scotland, Northern Europe",,Z.1991.146.4,"770, 771",,Male,Subadult
National Museums Scotland,visit,specimen number,Phocoena,phocoena,Harbor porpoise,skull with teeth,1991,3,14,"Lossiemouth, Morayshire, Scotland, Northern Europe",,Z.1991.146.6,"776, 777",,Male,Adult
National Museums Scotland,visit,specimen number,Phocoena,phocoena,Harbor porpoise,skull with teeth,1991,2,13,"NW of Foula, Shetland, Scotland, Northern Europe",,Z.1991.146.5,"778, 779",,Male,Subadult
National Museums Scotland,visit,specimen number,Phocoena,phocoena,Harbor porpoise,skull with teeth,1991,4,25,"Nairn, Nairnshire, Scotland, Northern Europe",,Z.1991.146.7,"780, 781",,Female,Adult
National Museums Scotland,visit,specimen number,Phocoena,phocoena,Harbor porpoise,skull with teeth,1991,5,6,"Cullen, Banffshire, Scotland, Northern Europe",,Z.1991.146.10,"782, 783",,Male,Adult
National Museums Scotland,visit,specimen number,Phocoena,phocoena,Harbor porpoise,skull with teeth,1991,5,3,"Nairn, Nairnshire, Scotland, Northern Europe",,Z.1991.146.9,"784, 785",,Female,Juvenile
National Museums Scotland,visit,specimen number,Phocoena,phocoena,Harbor porpoise,skull with teeth,1991,4,25,"Cullen, Banffshire, Scotland, Northern Europe",,Z.1991.146.8,"786, 787",,Male,Juvenile
National Museums Scotland,visit,specimen number,Phocoena,phocoena,Harbor porpoise,skull with teeth,1991,6,,"Shandwick Bay, Ross and Cromarty, Scotland, Northern Europe",,Z.1991.146.16,"788, 789",,Male,Juvenile
National Museums Scotland,visit,specimen number,Phocoena,phocoena,Harbor porpoise,skull with teeth,1991,6,18,"Ardersier, Inverness-shire, Scotland, Northern Europe",,Z.1991.146.15,"790, 791",,Female,Adult
National Museums Scotland,visit,specimen number,Phocoena,phocoena,Harbor porpoise,teeth,1991,6,17,"Arisaig, Inverness-shire, Scotland, Northern Europe",,Z.1991.146.13,NA,,Male,Juvenile
National Museums Scotland,visit,specimen number,Phocoena,phocoena,Harbor porpoise,skull with teeth,1991,6,6,"Nairn, Nairnshire, Scotland, Northern Europe",,Z.1991.146.12,"792, 793",,Male,Adult
National Museums Scotland,visit,specimen number,Phocoena,phocoena,Harbor porpoise,skull with teeth,1991,5,25,"Tongue, Sutherland, Scotland, Northern Europe",,Z.1991.146.11,"794, 795",,Female,Adult
National Museums Scotland,visit,specimen number,Phocoena,phocoena,Harbor porpoise,skull with teeth,1991,6,10,"Llandwg beach, Gwynedd, Wales, Northern Europe",x,1993.73.16,"1135, 1136",,Male,Subadult
National Museums Scotland,visit,specimen number,Phocoena,phocoena,Harbor porpoise,skull with teeth,1991,3,13,,x,1993.73.17,"1137, 1138",,Male,Juvenile
National Museums Scotland,visit,specimen number,Phocoena,phocoena,Harbor porpoise,skull with teeth,1991,3,9,"Amble, Northumberland, England, Northern Europe",x,1993.73.14,"1139, 1140",,Male,Juvenile
National Museums Scotland,visit,specimen number,Phocoena,phocoena,Harbor porpoise,skull with teeth,1991,2,18,"Bridlington Bay, Yorkshire, England, Northern Europe",x,1993.73.18,"1145, 1146",,Male,Juvenile
National Museums Scotland,visit,specimen number,Phocoena,phocoena,Harbor porpoise,skull with teeth,1992,9,6,"Findhorn, Morayshire, Scotland, Northern Europe",x,1992.151.24,676,photos on digital camera,Female,Juvenile
National Museums Scotland,visit,specimen number,Phocoena,phocoena,Harbor porpoise,skull with teeth,1992,7,19,"Tywyn, Cornwall, England, Northern Europe",x,1992.150.27,677,photos on digital camera,Male,Adult
National Museums Scotland,visit,specimen number,Phocoena,phocoena,Harbor porpoise,skull with teeth,1992,12,5,"Kirkwall, Orkney, Scotland, Northern Europe",x,1992.151.30,678,photos on digital camera,Male,Juvenile
National Museums Scotland,visit,specimen number,Phocoena,phocoena,Harbor porpoise,skull with teeth,1992,11,20,"Gairloch, Ross and Cromarty, Scotland, Northern Europe",x,1992.151.33,679,photos on digital camera,Male,Subadult
National Museums Scotland,visit,specimen number,Phocoena,phocoena,Harbor porpoise,skull with teeth,1992,11,16,"Dunnet, Caithness, Scotland, Northern Europe",x,1992.151.36,680,photos on digital camera,Male,Adult
National Museums Scotland,visit,specimen number,Phocoena,phocoena,Harbor porpoise,skull with teeth,1992,8,12,"Nairn, Nairnshire, Scotland, Northern Europe",x,1992.151.39,681,photos on digital camera,Female,Juvenile
National Museums Scotland,visit,specimen number,Phocoena,phocoena,Harbor porpoise,jaws with teeth,1992,7,24,"Shetland, Scotland, Northern Europe",x,1992.151.42,NA,,Male,Juvenile
National Museums Scotland,visit,specimen number,Phocoena,phocoena,Harbor porpoise,jaws with teeth,1992,7,9,"Covesea, Morayshire, Scotland, Northern Europe",x,1992.151.40,NA,,Female,Juvenile
National Museums Scotland,visit,specimen number,Phocoena,phocoena,Harbor porpoise,skull with teeth,1992,7,6,"Stornoway, Lewis, Ross and Cromarty, Scotland, Northern Europe",x,1992.151.41,682,photos on digital camera,Male,Adult
National Museums Scotland,visit,specimen number,Phocoena,phocoena,Harbor porpoise,skull with teeth,1992,4,1,"Aberdeen, Aberdeenshire, Scotland, Northern Europe",,Z.1992.62.6,"701, 702",,Female,Subadult
National Museums Scotland,visit,specimen number,Phocoena,phocoena,Harbor porpoise,jaws with teeth,1992,6,24,"Isle of Sheppey, Kent, England, Northern Europe",x,1992.150.29,NA,,,
National Museums Scotland,visit,specimen number,Phocoena,phocoena,Harbor porpoise,skull with teeth,1992,7,24,"west of Hamnavoe, Mainland, Shetland, Scotland, Northern Europe",,Z.1992.151.6,"711, 712",,Male,Adult
National Museums Scotland,visit,specimen number,Phocoena,phocoena,Harbor porpoise,skull with teeth,1992,1,30,"Portscatho, Cornwall, England, Northern Europe",x,1992.150.49,"713, 714",,Male,Adult
National Museums Scotland,visit,specimen number,Phocoena,phocoena,Harbor porpoise,skull with teeth,1992,1,15,"Sutton-on-Sea, Lincolnshire, England, Northern Europe",x,1992.150.48,"715, 716",,Female,Subadult
National Museums Scotland,visit,specimen number,Phocoena,phocoena,Harbor porpoise,skull without teeth,1992,9,29,"Lossiemouth, Morayshire, Scotland, Northern Europe",,Z.1992.151.10,"717, 718",,Female,Subadult
National Museums Scotland,visit,specimen number,Phocoena,phocoena,Harbor porpoise,skull with teeth,1992,7,5,"Nairn, Nairnshire, Scotland, Northern Europe",,Z.1992.151.9,"719, 720",,Female,Adult
National Museums Scotland,visit,specimen number,Phocoena,phocoena,Harbor porpoise,teeth,1992,5,25,"Shandwick Bay, Ross and Cromarty, Scotland, Northern Europe",,Z.1992.151.8,NA,,Female,Juvenile
National Museums Scotland,visit,specimen number,Phocoena,phocoena,Harbor porpoise,skull with teeth,1992,6,22,"Stromness, Orkney, Scotland, Northern Europe",x,1992.151.20,"721, 722",,Male,Adult
National Museums Scotland,visit,specimen number,Phocoena,phocoena,Harbor porpoise,skull with teeth,1992,10,7,"Lossiemouth, Morayshire, Scotland, Northern Europe",x,1992.151.17,"723, 724",,Male,Juvenile
National Museums Scotland,visit,specimen number,Phocoena,phocoena,Harbor porpoise,skull with teeth,1992,11,13,"Burghead, Morayshire, Scotland, Northern Europe",x,1992.151.16,"725, 726",,Male,Juvenile
National Museums Scotland,visit,specimen number,Phocoena,phocoena,Harbor porpoise,skull with teeth,1992,9,22,"Banff, Banffshire, Scotland, Northern Europe",x,1992.151.23,"727, 728",,Female,Juvenile
National Museums Scotland,visit,specimen number,Phocoena,phocoena,Harbor porpoise,skull with teeth,1992,11,3,"Lunan, Angus, Scotland, Northern Europe",x,1992.151.22,"729, 730",bycatch,Male,Juvenile
National Museums Scotland,visit,specimen number,Phocoena,phocoena,Harbor porpoise,skull with teeth,1992,8,11,"Fraserburgh, Scotland, Northern Europe",x,1992.151.21,"731, 732",,Male,Juvenile
National Museums Scotland,visit,specimen number,Phocoena,phocoena,Harbor porpoise,teeth,1992,6,4,"Rose Isle, Morayshire, Scotland, Northern Europe",x,1992.151.18,NA,,Female,Juvenile
National Museums Scotland,visit,specimen number,Phocoena,phocoena,Harbor porpoise,jaws with teeth,1992,6,9,"Hilton of Cadboll, Ross and Cromarty, Scotland, Northern Europe",x,1992.151.15,NA,,Female,Juvenile
National Museums Scotland,visit,specimen number,Phocoena,phocoena,Harbor porpoise,jaws with teeth,1992,6,8,"Troon, Ayrshire, Scotland, Northern Europe",x,1992.151.14,NA,,Female,Juvenile
National Museums Scotland,visit,specimen number,Phocoena,phocoena,Harbor porpoise,skull with teeth,1992,11,,"Ailsa Craig, Ayrshire, Scotland, Northern Europe",x,1994.37,"1055, 1056",,,Adult
National Museums Scotland,visit,specimen number,Phocoena,phocoena,Harbor porpoise,skull with teeth,1993,,,"Inch Strand, County Kerry, Ireland, Northern Europe",x,1996.137.68(HP6/13),"958, 959",,Male,Subadult
National Museums Scotland,visit,specimen number,Phocoena,phocoena,Harbor porpoise,skull with teeth,1993,6,6,"Bettystown, County Meath, Ireland, Northern Europe",x,1996.137.69(HP8/8_193),"960, 961",,Male,Subadult
National Museums Scotland,visit,specimen number,Phocoena,phocoena,Harbor porpoise,skull with teeth,1993,,,"Trabolgan, County Cork, Ireland, Northern Europe",x,1996.13.770(HP21/93),"962, 963",Shouldn't the registration number end in 70 instead of 770?,Male,Juvenile
National Museums Scotland,visit,specimen number,Phocoena,phocoena,Harbor porpoise,skull with teeth,1993,,,,x,1996.137.71(HP22),"964, 965",,,Subadult
National Museums Scotland,visit,specimen number,Phocoena,phocoena,Harbor porpoise,skull with teeth,1993,11,29,"Perran Sands, Cornwall, England, Northern Europe",x,1995.40.24,"1031, 1032",,Female,Subadult
National Museums Scotland,visit,specimen number,Phocoena,phocoena,Harbor porpoise,skull with teeth,1993,9,22,"Hushinish, Harris, Inverness-shire, Scotland, Northern Europe",x,1994.32.2,"1057, 1058",,Female,Juvenile
National Museums Scotland,visit,specimen number,Phocoena,phocoena,Harbor porpoise,skull with teeth,1993,11,15,"Weaver's Point, North Uist, Scotland, Northern Europe",x,1994.13.29,"1059, 1060",,Male,Juvenile
National Museums Scotland,visit,specimen number,Phocoena,phocoena,Harbor porpoise,skull with teeth,1993,10,1,"Balintore, Ross and Cromarty, Scotland, Northern Europe",x,1994.13.27,"1063, 1064",,Female,Juvenile
National Museums Scotland,visit,specimen number,Phocoena,phocoena,Harbor porpoise,skull with teeth,1993,7,19,"Ferryside, Dyfed, Wales, Northern Europe",x,1994.54.20,"1065, 1066",,Female,Adult
National Museums Scotland,visit,specimen number,Phocoena,phocoena,Harbor porpoise,skull with teeth,1993,12,7,"Clarach, Aberystwyth, Dyfed, Wales, Northern Europe",x,1994.54.19,"1067, 1068",,Male,Adult
National Museums Scotland,visit,specimen number,Phocoena,phocoena,Harbor porpoise,skull with teeth,1993,9,20,"Churchill Barrier 3, Orkney, Scotland, Northern Europe",x,1994.55.4,"1107, 1108",,Female,Adult
National Museums Scotland,visit,specimen number,Phocoena,phocoena,Harbor porpoise,teeth,1993,9,4,"Tresaith, Dyfed, Wales, Northern Europe",x,1994.54.31,NA,,Male,Juvenile
National Museums Scotland,visit,specimen number,Phocoena,phocoena,Harbor porpoise,skull with teeth,1993,3,16,"SH358673, Bodorgan Head, Anglesey, Wales, Northern Europe",x,1993.114.3,"1141, 1142",,Female,Subadult
National Museums Scotland,visit,specimen number,Phocoena,phocoena,Harbor porpoise,skull with teeth,1993,3,7,"Formby Point, Lancashire, England, Northern Europe",x,1993.114.2,"1143, 1144",,Male,Adult
National Museums Scotland,visit,specimen number,Phocoena,phocoena,Harbor porpoise,skull with teeth,1994,4,18,"Dalmeny, West Lothian, Scotland, Northern Europe",x,1995.6,"796, 797",,,Juvenile
National Museums Scotland,visit,specimen number,Phocoena,phocoena,Harbor porpoise,skull with teeth,1994,10,26,"Nolton Haven, Dyfed, Wales, Northern Europe",x,1995.32.1,"798, 799",,Female,Juvenile
National Museums Scotland,visit,specimen number,Phocoena,phocoena,Harbor porpoise,skull with teeth,1994,12,1,"St Andrews, Fife, Scotland, Northern Europe",x,1995.113.5,"926, 927",,Female,Juvenile
National Museums Scotland,visit,specimen number,Phocoena,phocoena,Harbor porpoise,skull with teeth,1994,1,23,Atlantic Ocean,x,1996.137.65(CBC14),"954, 955",,Male,Subadult
National Museums Scotland,visit,specimen number,Phocoena,phocoena,Harbor porpoise,teeth,1994,4,14,"Carrigaholt, County Clare, Ireland, Northern Europe",x,1996.137.66(CBC15/93),NA,,Female,Subadult
National Museums Scotland,visit,specimen number,Phocoena,phocoena,Harbor porpoise,skull with teeth,1994,11,3,"Aberdesach, Gwynedd, Wales, Northern Europe",x,1995.32.3,"991, 992",,Female,Adult
National Museums Scotland,visit,specimen number,Phocoena,phocoena,Harbor porpoise,skull with teeth,1994,12,9,"Burghead, Morayshire, Scotland, Northern Europe",x,1995.39.1,"993, 994",,Male,Juvenile
National Museums Scotland,visit,specimen number,Phocoena,phocoena,Harbor porpoise,skull with teeth,1994,12,30,"Bosham Harbour, West Sussex, England, Northern Europe",x,1995.32.9,"995, 996",,Female,Adult
National Museums Scotland,visit,specimen number,Phocoena,phocoena,Harbor porpoise,skull with teeth,1994,11,14,"Pendine, Dyfed, Wales, Northern Europe",x,1995.32.5,"997, 998",,Male,Adult
National Museums Scotland,visit,specimen number,Phocoena,phocoena,Harbor porpoise,skull with teeth,1994,12,13,"Manorbier, Dyfed, Wales, Northern Europe",x,1995.32.4,"999, 1000",,Female,Adult
National Museums Scotland,visit,specimen number,Phocoena,phocoena,Harbor porpoise,skull with teeth,1994,11,5,"Aberdovey, Gwynedd, Wales, Northern Europe",x,1995.32.2,"1001, 1002",,Female,Adult
National Museums Scotland,visit,specimen number,Phocoena,phocoena,Harbor porpoise,skull with teeth,1994,8,11,"Thorntonloch, East Lothian, Scotland, Northern Europe",x,1995.39.9,"1003, 1004",,Female,Adult
National Museums Scotland,visit,specimen number,Phocoena,phocoena,Harbor porpoise,teeth,1994,10,28,"Tangasdale, Barra, Inverness-shire, Scotland, Northern Europe",x,1995.39.8,NA,,Female,Juvenile
National Museums Scotland,visit,specimen number,Phocoena,phocoena,Harbor porpoise,skull with teeth,1994,10,23,"Saltburn, Invergordon, Ross and Cromarty, Scotland, Northern Europe",x,1995.39.7,"1005, 1006",,Male,Juvenile
National Museums Scotland,visit,specimen number,Phocoena,phocoena,Harbor porpoise,skull with teeth,1994,9,17,"Balintore, Ross and Cromarty, Scotland, Northern Europe

",x,1995.39.6,"1007, 1008",,Female,Adult
National Museums Scotland,visit,specimen number,Phocoena,phocoena,Harbor porpoise,skull with teeth,1994,9,29,"Shandwick Bay, Ross and Cromarty, Scotland, Northern Europe",x,1995.39.5,"1009, 1010",,Male,Juvenile
National Museums Scotland,visit,specimen number,Phocoena,phocoena,Harbor porpoise,skull with teeth,1994,9,16,"Balephetrish, Tiree, Argyll, Scotland, Northern Europe",x,1995.39.4,"1011, 1012",,Female,Adult
National Museums Scotland,visit,specimen number,Phocoena,phocoena,Harbor porpoise,skull with teeth,1994,12,5,"Marazion, Cornwall, England, Northern Europe",x,1995.40.8,"1013, 1014",,Female,Adult
National Museums Scotland,visit,specimen number,Phocoena,phocoena,Harbor porpoise,skull with teeth,1994,10,23,"Porthluney Cove, Cornwall, England, Northern Europe",x,1995.40.2,"1017, 1018",,Female,Subadult
National Museums Scotland,visit,specimen number,Phocoena,phocoena,Harbor porpoise,teeth,1994,9,21,"Nigg, Ross and Cromarty, Scotland, Northern Europe",x,1995.39.12,NA,,Female,Juvenile
National Museums Scotland,visit,specimen number,Phocoena,phocoena,Harbor porpoise,skull with teeth,1994,10,14,"Fortrose, Ross and Cromarty, Scotland, Northern Europe",x,1995.39.11,"1019, 1020",,Male,Subadult
National Museums Scotland,visit,specimen number,Phocoena,phocoena,Harbor porpoise,skull with teeth,1994,10,28,"Gourdon, Kincardineshire, Scotland, Northern Europe",x,1995.39.10,"1021, 1022",,Male,Adult
National Museums Scotland,visit,specimen number,Phocoena,phocoena,Harbor porpoise,skull with teeth,1994,10,30,"Holy Island, Northumberland, England, Northern Europe",x,1995.60,"1029, 1030",,,Subadult
National Museums Scotland,visit,specimen number,Phocoena,phocoena,Harbor porpoise,skull with teeth,1994,12,3,"Marazion, Cornwall, England, Northern Europe",x,1995.40.9,"1033, 1034",,Female,Adult
National Museums Scotland,visit,specimen number,Phocoena,phocoena,Harbor porpoise,teeth,1994,12,28,"Cwmtydu, Dyfed, Wales, Northern Europe",x,1995.112.4,NA,,Female,Subadult
National Museums Scotland,visit,specimen number,Phocoena,phocoena,Harbor porpoise,teeth,1994,5,11,"Penzance, Cornwall, England, Northern Europe",x,1995.40.7,NA,,Male,Juvenile
National Museums Scotland,visit,specimen number,Phocoena,phocoena,Harbor porpoise,skull with teeth,1994,1,7,"Nairn, Nairnshire, Scotland, Northern Europe",x,1994.13.28,"1061, 1062",,Female,Adult
National Museums Scotland,visit,specimen number,Phocoena,phocoena,Harbor porpoise,skull with teeth,1994,3,4,"Westward Ho!, Devon, England, Northern Europe",x,1994.54.17,"1071, 1072",,Male,Juvenile
National Museums Scotland,visit,specimen number,Phocoena,phocoena,Harbor porpoise,skull with teeth,1994,4,10,"Morfar Dyffryn, Gwynedd, Wales, Northern Europe",x,1994.54.16,"1073, 1074",,Female,Adult
National Museums Scotland,visit,specimen number,Phocoena,phocoena,Harbor porpoise,skull with teeth,1994,4,28,"Bridlington, Humberside, England, Northern Europe",x,1994.54.15,"1075, 1076",,Male,Juvenile
National Museums Scotland,visit,specimen number,Phocoena,phocoena,Harbor porpoise,skull with teeth,1994,5,6,"Port Talbot, West Glamorgan, Wales, Northern Europe",x,1994.54.26,"1077, 1078",,Male,Juvenile
National Museums Scotland,visit,specimen number,Phocoena,phocoena,Harbor porpoise,skull with teeth,1994,6,2,"Tywyn, Gwynedd, Wales, Northern Europe",x,1994.54.25,"1079, 1080",,Male,Juvenile
National Museums Scotland,visit,specimen number,Phocoena,phocoena,Harbor porpoise,skull with teeth,1994,7,10,"Criccieth, Gwynedd, Wales, Northern Europe",x,1994.54.24,"1081, 1082",,Male,Adult
National Museums Scotland,visit,specimen number,Phocoena,phocoena,Harbor porpoise,skull with teeth,1994,8,4,"Barmouth, Gwynedd, Wales, Northern Europe",x,1994.54.23,"1083, 1084",,Male,Adult
National Museums Scotland,visit,specimen number,Phocoena,phocoena,Harbor porpoise,skull with teeth,1994,5,25,"Saundersfoot, Dyfed, Wales, Northern Europe",x,1994.54.22,"1085, 1086",,Female,Subadult
National Museums Scotland,visit,specimen number,Phocoena,phocoena,Harbor porpoise,skull with teeth,1994,3,16,"Borth, Dyfed, Wales, Northern Europe",x,1994.54.21,"1087, 1088",,Female,Adult
National Museums Scotland,visit,specimen number,Phocoena,phocoena,Harbor porpoise,skull with teeth,1994,3,1,"Framilode, Gloucestershire, England, Northern Europe",x,1994.54.48,"1089, 1090",,Male,Juvenile
National Museums Scotland,visit,specimen number,Phocoena,phocoena,Harbor porpoise,skull with teeth,1994,2,20,"Salcombe, Devon, England, Northern Europe",x,1994.54.47,"1091, 1102",,Female,Adult
National Museums Scotland,visit,specimen number,Phocoena,phocoena,Harbor porpoise,skull with teeth,1994,1,23,"Penbryn, Dyfed, Wales, Northern Europe",x,1994.54.46,"1092, 1093",,Female,Adult
National Museums Scotland,visit,specimen number,Phocoena,phocoena,Harbor porpoise,skull with teeth,1994,3,31,"Borth, Dyfed, Wales, Northern Europe",x,1994.54.29,"1094, 1095",,Male,Adult
National Museums Scotland,visit,specimen number,Phocoena,phocoena,Harbor porpoise,skull with teeth,1994,6,14,"Crosby, Merseyside, England, Northern Europe",x,1994.54.28,"1096, 1097",,Male,Juvenile
National Museums Scotland,visit,specimen number,Phocoena,phocoena,Harbor porpoise,skull with teeth,1994,7,9,"Borth, Dyfed, Wales, Northern Europe",x,1994.54.27,"1098, 1099",,Male,Adult
National Museums Scotland,visit,specimen number,Phocoena,phocoena,Harbor porpoise,skull with teeth,1994,3,31,"Fortrose, Ross and Cromarty, Scotland, Northern Europe",x,1994.55.7,"1100, 1101",,Female,Juvenile
National Museums Scotland,visit,specimen number,Phocoena,phocoena,Harbor porpoise,skull with teeth,1994,3,7,"Shandwick Bay, Ross and Cromarty, Scotland, Northern Europe",x,1994.55.6,"1103, 1104",,Male,Adult
National Museums Scotland,visit,specimen number,Phocoena,phocoena,Harbor porpoise,skull with teeth,1994,2,11,"Graemeshall, Orkney, Scotland, Northern Europe",x,1994.55.5,"1105, 1106",,,Adult
National Museums Scotland,visit,specimen number,Phocoena,phocoena,Harbor porpoise,skull with teeth,1994,3,11,"60 miles off Newlyn, Cornwall, England, Northern Europe",x,1994.54.50,"1109, 1110",,Male,Adult
National Museums Scotland,visit,specimen number,Phocoena,phocoena,Harbor porpoise,skull with teeth,1994,2,4,"Salcombe, Devon, England, Northern Europe",x,1994.54.49,"1111, 1112",teeth were bigger than average,Male,Subadult
National Museums Scotland,visit,specimen number,Phocoena,phocoena,Harbor porpoise,skull with teeth,1994,5,30,"North Kessock, Black Isle, Ross and Cromarty, Scotland, Northern Europe",x,1994.55.14,"1113, 1114",few teeth,,Juvenile
National Museums Scotland,visit,specimen number,Phocoena,phocoena,Harbor porpoise,skull with teeth,1994,7,1,"Strone, Argyll, Scotland, Northern Europe",x,1994.55.13,"1115, 1116",,Male,Subadult
National Museums Scotland,visit,specimen number,Phocoena,phocoena,Harbor porpoise,skull with teeth,1994,4,23,"Ardersier, Inverness-shire, Scotland, Northern Europe",x,1994.55.12,"1117, 1118",,Male,Juvenile
National Museums Scotland,visit,specimen number,Phocoena,phocoena,Harbor porpoise,skull with teeth,1994,7,28,"Fortrose, Black Isle, Ross and Cromarty, Scotland, Northern Europe",x,1994.55.11,"1119, 1120",,Female,Adult
National Museums Scotland,visit,specimen number,Phocoena,phocoena,Harbor porpoise,skull with teeth,1994,4,2,"Burghead, Morayshire, Scotland, Northern Europe",x,1994.55.9,"1121, 1122",,,Juvenile
National Museums Scotland,visit,specimen number,Phocoena,phocoena,Harbor porpoise,skull with teeth,1994,2,23,"Fraserburgh, Aberdeenshire, Scotland, Northern Europe",x,1994.55.8,"1123, 1124",,,Juvenile
National Museums Scotland,visit,specimen number,Phocoena,phocoena,Harbor porpoise,skull with teeth,1994,5,24,"Holy Island, Northumberland, England, Northern Europe",x,1994.55.25,"1125, 1126",,Female,Juvenile
National Museums Scotland,visit,specimen number,Phocoena,phocoena,Harbor porpoise,skull with teeth,1994,8,22,"Off Cromarty, Black Isle, Ross and Cromarty, Scotland, Northern Europe",x,1994.55.24,"1127, 1128",,,Juvenile
National Museums Scotland,visit,specimen number,Phocoena,phocoena,Harbor porpoise,skull with teeth,1994,2,25,"Blackness, West Lothian, Scotland, Northern Europe",x,1994.55.23,"1129, 1130",,Male,Juvenile
National Museums Scotland,visit,specimen number,Phocoena,phocoena,Harbor porpoise,skull with teeth,1994,5,13,"Lossiemouth, Morayshire, Scotland, Northern Europe",x,1994.55.16,"1131, 1132",,,Adult
National Museums Scotland,visit,specimen number,Phocoena,phocoena,Harbor porpoise,skull with teeth,1994,2,18,"Gosford, East Lothian, Scotland, Northern Europe",x,1994.55.15,"1133, 1134",,Female,Juvenile
National Museums Scotland,visit,specimen number,Phocoena,phocoena,Harbor porpoise,teeth,1994,7,1,"Fairbourne, Gwynedd, Wales, Northern Europe",x,1994.54.32,NA,,Female,Juvenile
National Museums Scotland,visit,specimen number,Phocoena,phocoena,Harbor porpoise,teeth,1994,6,28,"Cardigan Bay, Wales, Northern Europe",x,1994.54.30,NA,,Male,Juvenile
National Museums Scotland,visit,specimen number,Phocoena,phocoena,Harbor porpoise,teeth,1994,6,21,"Benbecula, Outer Hebrides, Inverness-shire, Scotland, Northern Europe",x,1994.55.3,NA,,,Juvenile
National Museums Scotland,visit,specimen number,Phocoena,phocoena,Harbor porpoise,teeth,1994,6,7,"Buckpool, Buckie, Banffshire, Scotland, Northern Europe",x,1994.55.2,NA,,Female,Juvenile
National Museums Scotland,visit,specimen number,Phocoena,phocoena,Harbor porpoise,teeth,1994,5,26,"Strathy Point, Sutherland, Scotland, Northern Europe",x,1994.55.1,NA,,Male,Juvenile
National Museums Scotland,visit,specimen number,Phocoena,phocoena,Harbor porpoise,skull with teeth,1995,12,18,"Aberdeen Beach, Aberdeenshire, Scotland, Northern Europe",x,1997.116.47,"896, 897",,Male,Adult
National Museums Scotland,visit,specimen number,Phocoena,phocoena,Harbor porpoise,skull with teeth,1995,12,6,"Dalchalm Beach, Brora, Sutherland, Scotland, Northern Europe",x,1997.116.49(M2461/95),"904, 905",,Female,Juvenile
National Museums Scotland,visit,specimen number,Phocoena,phocoena,Harbor porpoise,skull with teeth,1995,12,22,"Rosemarkie, Ross and Cromarty, Scotland, Northern Europe",x,1997.116.50(M2548/95),"906, 907",,Female,Subadult
National Museums Scotland,visit,specimen number,Phocoena,phocoena,Harbor porpoise,skull with teeth,1995,9,4,"Aberdeen Beach, Aberdeenshire, Scotland, Northern Europe",x,1997.116.52(M1744/95),"908, 909",,Male,Adult
National Museums Scotland,visit,specimen number,Phocoena,phocoena,Harbor porpoise,teeth,1995,12,21,"North Queensferry, Fife, Scotland, Northern Europe",x,1997.116.51,NA,,Male,Juvenile
National Museums Scotland,visit,specimen number,Phocoena,phocoena,Harbor porpoise,teeth,1995,8,24,"Portknockie, Banffshire, Scotland, Northern Europe",x,1997.116.53,NA,,Male,Juvenile
National Museums Scotland,visit,specimen number,Phocoena,phocoena,Harbor porpoise,skull with teeth,1995,7,13,"Chanonry Point, Fortrose, Ross and Cromarty, Scotland, Northern Europe",x,1997.116.56(M1303/95),"910, 911",,Female,Juvenile
National Museums Scotland,visit,specimen number,Phocoena,phocoena,Harbor porpoise,skull with teeth,1995,8,15,"Beauly Firth, Moray Firth, North Sea, North Atlantic, ATLANTIC OCEAN",x,1997.116.57(M1575/95),"914, 915",,Female,Juvenile
National Museums Scotland,visit,specimen number,Phocoena,phocoena,Harbor porpoise,skull with teeth,1995,7,3,"Portessie, Banffshire, Scotland, Northern Europe",x,1997.116.58(M1220/95),"916, 917",,Female,Juvenile
National Museums Scotland,visit,specimen number,Phocoena,phocoena,Harbor porpoise,skull with teeth,1995,4,25,"Portessie, Buckie, Banffshire, Scotland, Northern Europe",x,1995.113.1,"918, 919",,Male,Juvenile
National Museums Scotland,visit,specimen number,Phocoena,phocoena,Harbor porpoise,skull with teeth,1995,5,3,"Ardersier, Inverness-shire, Scotland, Northern Europe",x,1995.113.2,"920, 921",,Male,Subadult
National Museums Scotland,visit,specimen number,Phocoena,phocoena,Harbor porpoise,skull with teeth,1995,4,23,"Cullen, Banffshire, Scotland, Northern Europe",x,1995.113.3,"922, 923",,Male,Subadult
National Museums Scotland,visit,specimen number,Phocoena,phocoena,Harbor porpoise,skull with teeth,1995,5,11,"Cromarty, Ross and Cromarty, Scotland, Northern Europe",x,1995.113.4,"924, 925",,Male,Juvenile
National Museums Scotland,visit,specimen number,Phocoena,phocoena,Harbor porpoise,skull with teeth,1995,4,20,"Seaton Carew, Teeside, England, Northern Europe",x,1995.224.2(SW1995/52),"930, 931",,Male,Juvenile
National Museums Scotland,visit,specimen number,Phocoena,phocoena,Harbor porpoise,skull with teeth,1995,7,7,"Treandour Bay, Anglesey, Wales, Northern Europe",x,1995.224.3(SW1995/86),"932, 933",,Female,Adult
National Museums Scotland,visit,specimen number,Phocoena,phocoena,Harbor porpoise,skull with teeth,1995,5,14,"Aberystwyth, Dyfed, Wales, Northern Europe",x,1995.224.4(SW1995/57),"934, 935",,Male,Juvenile
National Museums Scotland,visit,specimen number,Phocoena,phocoena,Harbor porpoise,skull with teeth,1995,7,2,"Filey Brigg, Yorkshire, England, Northern Europe",x,1995.224.5(SW1995/78),"936, 937",,Male,Juvenile
National Museums Scotland,visit,specimen number,Phocoena,phocoena,Harbor porpoise,skull with teeth,1995,7,9,"Penbryn, Dyfed, Wales, Northern Europe",x,1995.224.6(SW1995/84),"938, 939",,Female,Adult
National Museums Scotland,visit,specimen number,Phocoena,phocoena,Harbor porpoise,skull with teeth,1995,6,11,"Tresarth, Dyfed, Wales, Northern Europe",x,1995.224.7(SW1995/63),"940, 941",,Male,Adult
National Museums Scotland,visit,specimen number,Phocoena,phocoena,Harbor porpoise,skull with teeth,1995,4,3,"Newgale, Dyfed, Wales, Northern Europe",x,1995.224.17,"942, 943",,Female,Adult
National Museums Scotland,visit,specimen number,Phocoena,phocoena,Harbor porpoise,teeth,1995,7,5,"Gorleston, Great Yarmouth, Norfolk, England, Northern Europe",x,1995.224.10(SW1995/85),NA,,Female,Juvenile
National Museums Scotland,visit,specimen number,Phocoena,phocoena,Harbor porpoise,teeth,1995,8,11,"Gibraltar Point, Lincolnshire, England, Northern Europe",x,1995.224.11(SW1995/102),NA,,Female,Juvenile
National Museums Scotland,visit,specimen number,Phocoena,phocoena,Harbor porpoise,teeth,1995,6,9,"Abermawr, Dyfed, Wales, Northern Europe",x,1995.224.8(SW1998/62),NA,,Female,Juvenile
National Museums Scotland,visit,specimen number,Phocoena,phocoena,Harbor porpoise,teeth,1995,6,25,"Pendine, Dyfed, Wales, Northern Europe",x,1995.224.9(SW1998/68),NA,,Male,Juvenile
National Museums Scotland,visit,specimen number,Phocoena,phocoena,Harbor porpoise,skull with teeth,1995,9,8,"Borthwen, Anglesey, Wales, Northern Europe",x,1997.112.3(SW1995/109),"972, 973",,Male,Juvenile
National Museums Scotland,visit,specimen number,Phocoena,phocoena,Harbor porpoise,skull with teeth,1995,10,6,"Fairbourne, Gwynedd, Wales, Northern Europe",x,1997.112.4(SW1995/122),NA,"broken skull therefore no pics, one tooth in the box",Female,Juvenile
National Museums Scotland,visit,specimen number,Phocoena,phocoena,Harbor porpoise,skull with teeth,1995,1,24,"Aberaeron, Dyfed, Wales, Northern Europe",x,1995.40.3,"1015, 1016",,Male,Adult
National Museums Scotland,visit,specimen number,Phocoena,phocoena,Harbor porpoise,skull with teeth,1995,3,9,"Quarff, Shetland, Scotland, Northern Europe",x,1995.93.6,"1023, 1024",,Female,Adult
National Museums Scotland,visit,specimen number,Phocoena,phocoena,Harbor porpoise,skull with teeth,1995,3,13,"Boddam, Aberdeenshire, Scotland, Northern Europe",x,1995.93.5," 1025, 1026",,Female,Adult
National Museums Scotland,visit,specimen number,Phocoena,phocoena,Harbor porpoise,skull with teeth,1995,3,21,"Echnalong Bay, Burray, Orkney, Scotland, Northern Europe",x,1995.93.4,"1027, 1028",,Female,Adult
National Museums Scotland,visit,specimen number,Phocoena,phocoena,Harbor porpoise,skull with teeth,1995,3,6,"Aberdyfi, Gwynedd, Wales, Northern Europe",x,1995.112.8,"1035, 1036",,Male,Adult
National Museums Scotland,visit,specimen number,Phocoena,phocoena,Harbor porpoise,skull with teeth,1995,2,24,"Dinas Dinlle, Gwynedd, Wales, Northern Europe",x,1995.112.7,"1037, 1038",,Female,Juvenile
National Museums Scotland,visit,specimen number,Phocoena,phocoena,Harbor porpoise,skull with teeth,1995,2,24,"Dinas Dinlle, Gwynedd, Wales, Northern Europe",x,1995.112.6,"1039, 1040",,Female,Adult
National Museums Scotland,visit,specimen number,Phocoena,phocoena,Harbor porpoise,teeth,1995,1,23,"Longniddry, East Lothian, NT440773, Scotland, Northern Europe",x,1995.93.7,NA,,Female,Juvenile
National Museums Scotland,visit,specimen number,Phocoena,phocoena,Harbor porpoise,skull with teeth,1995,2,3,"Pendine, Dyfed, Wales, Northern Europe",x,1995.112.5,"1041, 1042",,Male,Adult
National Museums Scotland,visit,specimen number,Phocoena,phocoena,Harbor porpoise,skull with teeth,1995,4,20,"Llanon, Dyfed, Wales, Northern Europe",x,1995.112.14,"1043, 1044",,Male,Juvenile
National Museums Scotland,visit,specimen number,Phocoena,phocoena,Harbor porpoise,skull with teeth,1995,4,14,"Porthcawl - probably, Glamorgan, Wales, Northern Europe",x,1995.112.13,"1045, 1046",,Female,Juvenile
National Museums Scotland,visit,specimen number,Phocoena,phocoena,Harbor porpoise,skull with teeth,1995,4,11,"Leasowe, Wirral, England, Northern Europe",x,1995.112.12,"1047, 1048",,Male,Subadult
National Museums Scotland,visit,specimen number,Phocoena,phocoena,Harbor porpoise,skull with teeth,1995,2,16,"Pembrey, Dyfed, Wales, Northern Europe",x,1995.112.11,"1049, 1050",,Male,Subadult
National Museums Scotland,visit,specimen number,Phocoena,phocoena,Harbor porpoise,skull with teeth,1995,2,22,"Pembrey, Dyfed, Wales, Northern Europe",x,1995.112.10,"1051, 1052",,Female,Adult
National Museums Scotland,visit,specimen number,Phocoena,phocoena,Harbor porpoise,skull with teeth,1995,2,5,"Aberystwyth, Dyfed, Wales, Northern Europe",x,1995.112.9,"1053, 1054",,Male,Subadult
National Museums Scotland,visit,specimen number,Phocoena,phocoena,Harbor porpoise,teeth,1996,1,28,"Aberdeen Beach, Aberdeenshire, Scotland, Northern Europe",x,1997.116.54,NA,,Male,Juvenile
National Museums Scotland,visit,specimen number,Phocoena,phocoena,Harbor porpoise,skull with teeth,1996,2,12,"Weisdale Voe, Shetland, Scotland, Northern Europe",x,1997.116.55(M225/96),"912, 913",,Female,Juvenile
National Museums Scotland,visit,specimen number,Phocoena,phocoena,Harbor porpoise,skull with teeth,1996,2,15,"Dunmore East, County Waterford, Ireland, Northern Europe",x,1996.137.73(HP2/96),"968, 969",,Male,Juvenile
National Museums Scotland,visit,specimen number,Phocoena,phocoena,Harbor porpoise,skull with teeth,1996,2,29,"Ardmore, County Wexford, Ireland, Northern Europe",x,1996.137.74(HP3/96),"970, 971",,Female,Subadult
National Museums Scotland,visit,specimen number,Phocoena,phocoena,Harbor porpoise,skull with teeth,1996,3,25,"Tinabarna, County Wexford, Ireland, Northern Europe",x,1996.137.75(HP4/96),"974, 975",,Male,Juvenile
National Museums Scotland,visit,specimen number,Phocoena,phocoena,Harbor porpoise,skull with teeth,1996,1,28,"Port Erin, Isle of Man, Northern Europe",x,1997.112.5(SW1996/31),"976, 977",,Female,Subadult
National Museums Scotland,visit,specimen number,Phocoena,phocoena,Harbor porpoise,skull with teeth,1996,10,31,"Porthmadog, Gwynedd, Wales, Northern Europe",x,1997.112.6(SW1996/163),"978, 979",,Male,Adult
National Museums Scotland,visit,specimen number,Phocoena,phocoena,Harbor porpoise,skull with teeth,1996,6,24,"Ynyslas, Dyfed, Wales, Northern Europe",x,1997.112.7(SW1996/107),"980, 981",,Female,Adult
National Museums Scotland,visit,specimen number,Phocoena,phocoena,Harbor porpoise,skull with teeth,1996,10,23,"Fishguard, Dyfed, Wales, Northern Europe",x,1997.112.8(SW1996/160),982,,Female,Adult
National Museums Scotland,visit,specimen number,Phocoena,phocoena,Harbor porpoise,skull with teeth,1996,9,29,"Aberystwyth, Dyfed, Wales, Northern Europe",x,1997.112.9(S1954),"983, 984",,Female,Juvenile
National Museums Scotland,visit,specimen number,Phocoena,phocoena,Harbor porpoise,skull with teeth,1996,7,31,"Crosby Sands, Merseyside, England, Northern Europe",x,1997.112.10(SW1996/129),"985, 986",,Male,Adult
National Museums Scotland,visit,specimen number,Phocoena,phocoena,Harbor porpoise,skull with teeth,1996,5,26,"Rhosselli Beach, Dyfed, Wales, Northern Europe",x,1997.112.11(SW1996/94),"989, 990",,Female,Adult
National Museums Scotland,visit,specimen number,Phocoena,phocoena,Harbor porpoise,skull with teeth,1997,7,17,"Fishguard, Dyfed, Wales, Northern Europe",x,1997.112.15,"898, 899",,Male,Adult
National Museums Scotland,visit,specimen number,Phocoena,phocoena,Harbor porpoise,skull with teeth,1997,7,30,"Borth, Dyfed, Wales, Northern Europe",x,"1997.112.18, S. W. 1997/128, 51973","900, 901",,Female,Juvenile
National Museums Scotland,visit,specimen number,Phocoena,phocoena,Harbor porpoise,teeth,1997,6,24,"Pendine, Dyfed, Wales, Northern Europe",x,1997.112.13(SW1997/97),NA,,Female,Juvenile
National Museums Scotland,visit,specimen number,Phocoena,phocoena,Harbor porpoise,teeth,1997,7,17,"New Quay, Dyfed, Wales, Northern Europe",x,1997.112.16(SW1997/7),NA,,Female,Juvenile
National Museums Scotland,visit,specimen number,Phocoena,phocoena,Harbor porpoise,teeth,1997,7,13,"Pembrey, Dyfed, Wales, Northern Europe",x,1997.112.14(SW1997/113),NA,,Female,Juvenile
National Museums Scotland,visit,specimen number,Phocoena,phocoena,Harbor porpoise,skull with teeth,1997,6,19,"Pembrey, Dyfed, Wales, Northern Europe",x,1997.112.12,"987, 988",,Female,Adult
National Museums Scotland,visit,specimen number,Phocoena,phocoena,Harbor porpoise,teeth,,,,,,1991.29.4,,,,
National Museums Scotland,visit,specimen number,Phocoena,phocoena,Harbor porpoise,skull with teeth,,,,,,1992.112.17,"699, 700",,,
National Museums Scotland,visit,specimen number,Phocoena,phocoena,Harbor porpoise,skull with teeth,,,,,,Z.1992.29.unreg (M2287/91),"703, 704",,,
National Museums Scotland,visit,specimen number,Phocoena,phocoena,Harbor porpoise,jaws with teeth,,,,,,1992.150.30,NA,,,
National Museums Scotland,visit,specimen number,Phocoena,phocoena,Harbor porpoise,skull with teeth,,,,,,Z.1992.50.22,"709, 710",,,
National Museums Scotland,visit,specimen number,Phocoena,phocoena,Harbor porpoise,jaws with teeth,,,,,,1992.15.13,NA,,,
National Museums Scotland,visit,specimen number,Phocoena,phocoena,Harbor porpoise,skull with teeth,,,,,,Z.1996.146.2,"772, 773",,,
National Museums Scotland,visit,specimen number,Phocoena,phocoena,Harbor porpoise,skull with teeth,,,,,,Z.1996.146.1,"774, 775",,,
National Museums Scotland,visit,specimen number,Phocoena,phocoena,Harbor porpoise,skull without teeth,,,,,,1990.015.027,"800, 801",,,
National Museums Scotland,visit,specimen number,Phocoena,phocoena,Harbor porpoise,skull without teeth,,,,"Firth of Forth, North Sea, North Atlantic, ATLANTIC OCEAN",,Z.1990.15.21,"805, 806",Trawled off the Bass Rock,,Adult
National Museums Scotland,visit,specimen number,Phocoena,phocoena,Harbor porpoise,skull without teeth,,,,"Norway, Northern Europe",,Z.1990.128.1,"837, 838",,,Subadult
National Museums Scotland,visit,specimen number,Phocoena,phocoena,Harbor porpoise,skull with teeth,,,,,,1990.015.014,"870, 871, 872",note photographed,,
National Museums Scotland,visit,specimen number,Phocoena,phocoena,Harbor porpoise,skull ,,,,,,1990.015.020,"873, 874","skull had teeth, but was covered in gypsum",,
National Museums Scotland,visit,specimen number,Phocoena,phocoena,Harbor porpoise,teeth,,,,,,Z.1945.45,NA,,,Juvenile
National Museums Scotland,visit,specimen number,Phocoena,phocoena,Harbor porpoise,skull without teeth,,,,,,1967.044,"877, 879",label listed locality,,
National Museums Scotland,visit,specimen number,Phocoena,phocoena,Harbor porpoise,jaws with teeth,,,,,,1990.015.024,NA,locality information: Dunbar,,
National Museums Scotland,visit,specimen number,Phocoena,phocoena,Harbor porpoise,jaws with teeth,,,,,,1990.015.025,NA,locality information: Dunbar,,
National Museums Scotland,visit,specimen number,Phocoena,phocoena,Harbor porpoise,teeth,,,,,,1990.015.017,NA,,,
National Museums Scotland,visit,specimen number,Phocoena,phocoena,Harbor porpoise,skull with teeth,,,,,,Z.1990.15.18,"884, 885","definitely old, teeth attached to skull",,Adult
National Museums Scotland,visit,specimen number,Phocoena,phocoena,Harbor porpoise,skull with teeth,,,,,,92.9,"888, 889","was labelled with ""artic. Skeleton"", teeth might have been treated with glue",,
National Museums Scotland,visit,specimen number,Phocoena,phocoena,Harbor porpoise,skull with teeth,,,,,,1997.116.45(M2335/95),"902, 903",Shows up as Risso's dolphin in online database,,
National Museums Scotland,visit,specimen number,Phocoena,phocoena,Harbor porpoise,skull with teeth,,,,,,1995.224(SW1995/35),"928, 929",oily from the touch,,
National Museums Scotland,visit,specimen number,Phocoena,phocoena,Harbor porpoise,skull with teeth,,,,,x,1996.137.60(CBC2),"944, 945",,Male,Juvenile
National Museums Scotland,visit,specimen number,Phocoena,phocoena,Harbor porpoise,skull with teeth,,,,"Courtmacsherry, County Cork, Ireland, Northern Europe",x,1996.137.61(CBC4),"946, 947",,Female,Juvenile
National Museums Scotland,visit,specimen number,Phocoena,phocoena,Harbor porpoise,skull with teeth,,,,"Dingle, County Kerry, Ireland, Northern Europe",x,1996.137.59(CB1),"948, 949",,Female,Juvenile
National Museums Scotland,visit,specimen number,Phocoena,phocoena,Harbor porpoise,skull with teeth,,,,"County Wexford, Ireland, Northern Europe",x,1996.137.63(CBC11),"950, 951",,Male,Juvenile
National Museums Scotland,visit,specimen number,Phocoena,phocoena,Harbor porpoise,skull with teeth,,,,,,1996(CBC13),"952, 953",unreadable registration number due to oil damage,,
National Museums Scotland,visit,specimen number,Phocoena,phocoena,Harbor porpoise,skull with teeth,,,,,,1996.137.767(HP1),"956, 957",,,
National Museums Scotland,visit,specimen number,Phocoena,phocoena,Harbor porpoise,skull with teeth,,,,,x,1996.137.72(HP8/93A),"966, 967",,,Adult
National Museums Scotland,visit,specimen number,Phocoena,phocoena,Harbor porpoise,teeth,,,,"County Sligo, Ireland, Northern Europe",x,1996.137.62(CBC5),NA,,Female,Juvenile
National Museums Scotland,visit,specimen number,Phocoena,phocoena,Harbor porpoise,skull with teeth,,,,"Westward Ho!, Devon, England, Northern Europe",x,1994.54.18,"1069, 1070",,Male,Juvenile
,,,,,,,,,,,,,,,,
,,,,,,,,,,,,,,,,
,,,,,,,,,,,,,,,,
,,,,,,,,,,,,,,,,
